t,0.050000,0.150000,0.250000,0.350000,0.450000,0.550000,0.650000,0.750000,0.850000,0.950000,1.050000,1.150000,1.250000,1.350000,1.450000,1.550000,1.650000,1.750000,1.850000,1.950000,2.050000,2.150000,2.250000,2.350000,2.450000,2.550000,2.650000,2.750000,2.850000,2.950000,3.050000,3.150000,3.250000,3.350000,3.450000,3.550000,3.650000,3.750000,3.850000,3.950000,4.050000,4.150000,4.250000,4.350000,4.450000,4.550000,4.650000,4.750000,4.850000,4.950000,5.050000,5.150000,5.250000,5.350000,5.450000,5.550000,5.650000,5.750000,5.850000,5.950000,6.050000,6.150000,6.250000,6.350000,6.450000,6.550000,6.650000,6.750000,6.850000,6.950000,7.050000,7.150000,7.250000,7.350000,7.450000,7.550000,7.650000,7.750000,7.850000,7.950000,8.050000,8.150000,8.250000,8.350000,8.450000,8.550000,8.650000,8.750000,8.850000,8.950000,9.050000,9.150000,9.250000,9.350000,9.450000,9.550000,9.650000,9.750000,9.850000,9.950000
0.000000,1e-10,1e-10,1e-10,1e-10,1e-10,1e-10,1e-10,1e-10,1e-10,1e-10,1e-10,1e-10,1e-10,1e-10,1e-10,1e-10,1e-10,1e-10,1e-10,1e-10,1e-10,1e-10,1e-10,1e-10,1e-10,1e-10,1e-10,1e-10,1e-10,1e-10,1e-10,3.699437363e-10,2.238029186e-09,1.225085403e-08,6.067887722e-08,2.719438608e-07,1.102786735e-06,4.046451693e-06,1.343469274e-05,4.036004748e-05,0.0001097099837,0.0002698430172,0.000600546679,0.001209352501,0.002203583928,0.003633095694,0.005419941885,0.007316156289,0.008935973471,0.009875778005,0.009875778005,0.008935973471,0.007316156289,0.005419941885,0.003633095694,0.002203583928,0.001209352501,0.000600546679,0.0002698430172,0.0001097099837,4.036004748e-05,1.343469274e-05,4.046451693e-06,1.102786735e-06,2.719438608e-07,6.067887722e-08,1.225085403e-08,2.238029186e-09,3.699437363e-10,1e-10,1e-10,1e-10,1e-10,1e-10,1e-10,1e-10,1e-10,1e-10,1e-10,1e-10,1e-10,1e-10,1e-10,1e-10,1e-10,1e-10,1e-10,1e-10,1e-10,1e-10,1e-10,1e-10,1e-10,1e-10,1e-10,1e-10,1e-10,1e-10,1e-10,1e-10
0.500000,8.376929633e-06,9.408983532e-06,9.815285196e-06,9.951188643e-06,9.989219504e-06,9.998079828e-06,9.999790589e-06,1.00000618e-05,1.000009639e-05,1.000009977e-05,1.00001e-05,1.00001e-05,1.00001e-05,1.00001e-05,1.00001e-05,1.00001e-05,1.00001e-05,1.00001e-05,1.00001e-05,1.00001e-05,1.00001e-05,1.00001e-05,1.00001e-05,1.000010001e-05,1.000010004e-05,1.000010003e-05,1.000009879e-05,1.000008846e-05,1.00000321e-05,9.999727053e-06,9.99756893e-06,9.981022409e-06,9.870920537e-06,9.2813618e-06,6.900142665e-06,5.878801813e-06,1.778486392e-05,3.309837976e-05,4.664629105e-05,6.164884475e-05,8.032096735e-05,0.0001022545523,0.0001270807848,0.0001545425249,0.0001844543633,0.0002166747316,0.0002510895544,0.0002876029125,0.0003261316123,0.000366601893,0.000408947318,0.000453107341,0.0004990262759,0.0005466525181,0.0005959379331,0.0006468373599,0.000699308198,0.0007533100562,0.0008088044472,0.0008657545172,0.0009241248014,0.0009838809969,0.001044989746,0.001107418424,0.001171134924,0.001236107426,0.001302304152,0.001369693076,0.001438241593,0.001507916102,0.001578681494,0.001650500474,0.001723332666,0.001797133389,0.001871851961,0.00194742929,0.002023794388,0.002100859266,0.002178511294,0.002256601613,0.002334927288,0.0024132034,0.002491018792,0.00256776495,0.002642520192,0.002713858712,0.002779531889,0.002835929959,0.002877158607,0.002893431832,0.002868589475,0.002777281641,0.002581811161,0.002234440286,0.001699428555,0.001014339442,0.0003685590527,5.190039773e-05,1.08123102e-05,1.00063921e-05
1.000000,1.347347838e-05,1.607121748e-05,1.775770378e-05,1.880173142e-05,1.940466903e-05,1.972614146e-05,1.988356154e-05,1.995425682e-05,1.998340182e-05,1.999445758e-05,1.999832758e-05,1.999958134e-05,1.999995833e-05,2.000006381e-05,2.000009134e-05,2.000009806e-05,2.000009959e-05,2.000009992e-05,2.000009998e-05,2.00001e-05,2.00001e-05,2.000009997e-05,2.000009983e-05,2.000009888e-05,2.000009324e-05,2.000006125e-05,1.99998905e-05,1.999903955e-05,1.999511142e-05,1.997840824e-05,1.991317817e-05,1.967930758e-05,1.890797444e-05,1.656051936e-05,1.003414341e-05,8.482488387e-06,1.993442024e-05,3.590257053e-05,4.67671737e-05,5.299374566e-05,5.986120914e-05,6.808763024e-05,7.755787111e-05,8.814316845e-05,9.973720975e-05,0.0001122531369,0.0001256202851,0.0001397811287,0.0001546885567,0.0001703036032,0.0001865936399,0.0002035309749,0.0002210917799,0.0002392552746,0.0002580031061,0.0002773188759,0.0002971877782,0.0003175963207,0.0003385321082,0.0003599836726,0.0003819403386,0.0004043921163,0.0004273296139,0.0004507439669,0.000474626779,0.0004989700725,0.0005237662468,0.0005490080428,0.0005746885115,0.0006008009872,0.0006273390641,0.0006542965744,0.0006816675697,0.0007094463039,0.0007376272175,0.0007662049226,0.0007951741904,0.0008245299381,0.0008542672167,0.0008843812004,0.0009148671749,0.0009457205266,0.0009769367317,0.001008511345,0.001040439989,0.001072718338,0.001105342111,0.00113830705,0.001171608902,0.001205243403,0.001239206236,0.001273492969,0.001308098873,0.001343018294,0.001378242148,0.001413747599,0.001449454231,0.001485034933,0.001519083629,0.001545297693
1.500000,1.638137134e-05,2.009295046e-05,2.293313407e-05,2.510144001e-05,2.67191579e-05,2.788684582e-05,2.869612723e-05,2.923158215e-05,2.956839507e-05,2.976926591e-05,2.988268265e-05,2.994328438e-05,2.997393818e-05,2.998862871e-05,2.999530651e-05,2.999818937e-05,2.99993729e-05,2.999983556e-05,3.000000798e-05,3.000006923e-05,3.00000896e-05,3.000009408e-05,3.000008604e-05,3.00000441e-05,2.999987479e-05,2.999923391e-05,2.999693051e-05,2.998904721e-05,2.996324798e-05,2.988199653e-05,2.96341455e-05,2.890186637e-05,2.683943201e-05,2.151909111e-05,8.635920698e-06,7.189429458e-06,1.309381652e-05,1.905588874e-05,3.506506913e-05,6.125649813e-05,7.482483329e-05,7.294150918e-05,7.176339798e-05,7.41606746e-05,7.873707525e-05,8.46401257e-05,9.145857409e-05,9.896697233e-05,0.0001070340758,0.0001155818609,0.000124561636,0.0001339404224,0.0001436938522,0.0001538026538,0.000164250896,0.0001750250451,0.0001861133988,0.0001975057066,0.0002091928955,0.0002211668615,0.0002334203068,0.00024594661,0.000258739723,0.0002717940863,0.0002851045601,0.0002986663685,0.0003124750516,0.0003265264278,0.0003408165603,0.0003553417299,0.0003700984119,0.0003850832562,0.0004002930702,0.0004157248044,0.0004313755395,0.0004472424756,0.0004633229222,0.0004796142902,0.0004961140838,0.0005128198943,0.0005297293936,0.0005468403293,0.0005641505196,0.000581657849,0.000599360264,0.0006172557697,0.0006353424266,0.0006536183467,0.0006720816915,0.0006907306674,0.0007095635207,0.000728578521,0.0007477738996,0.0007671475885,0.0007866960837,0.0008064093489,0.0008262479522,0.0008460394862,0.0008649914777,0.0008792401056
2.000000,1.791191499e-05,2.243549185e-05,2.606777882e-05,2.906495873e-05,3.155454193e-05,3.360657368e-05,3.527023044e-05,3.658954475e-05,3.760866134e-05,3.837283327e-05,3.892744547e-05,3.931612321e-05,3.957866537e-05,3.974937508e-05,3.985613896e-05,3.992033992e-05,3.995745957e-05,3.99780999e-05,3.998914197e-05,3.999482705e-05,3.999764079e-05,3.999896312e-05,3.999949459e-05,3.999947407e-05,3.999864941e-05,3.999580318e-05,3.998724505e-05,3.996281835e-05,3.989635931e-05,3.97255047e-05,3.931577909e-05,3.841224635e-05,3.660473192e-05,3.335958653e-05,2.814613373e-05,2.046872195e-05,8.723329019e-06,6.746095801e-06,1.089943795e-05,1.355851773e-05,2.346752784e-05,3.527480714e-05,6.2822915e-05,0.0001048870095,0.0001187640305,0.0001074443901,0.0001000032759,9.71565224e-05,9.712580459e-05,9.926431247e-05,0.000102948479,0.000107702026,0.0001132067636,0.0001192600564,0.0001257341224,0.0001325479081,0.0001396492271,0.0001470037085,0.0001545880259,0.0001623857637,0.0001703848899,0.0001785762068,0.0001869523939,0.0001955074118,0.000204236125,0.0002131340602,0.0002221972467,0.0002314221084,0.0002408053885,0.0002503440948,0.0002600354586,0.0002698769037,0.0002798660208,0.0002900005473,0.0003002783506,0.0003106974139,0.0003212558242,0.000331951762,0.0003427834926,0.0003537493583,0.0003648477718,0.0003760772102,0.0003874362099,0.0003989233621,0.0004105373085,0.0004222767381,0.0004341403833,0.0004461270178,0.0004582354527,0.0004704645345,0.0004828131388,0.0004952801561,0.0005078644386,0.0005205645847,0.0005333780545,0.0005462975245,0.0005592953548,0.000572246074,0.0005845904431,0.0005936840757
2.500000,1.094884024e-05,2.149886134e-05,3.321273199e-05,3.577253665e-05,3.545394005e-05,3.737457499e-05,3.957674055e-05,4.15685947e-05,4.329881957e-05,4.4769767e-05,4.599549014e-05,4.699589738e-05,4.77945913e-05,4.841740215e-05,4.889106699e-05,4.924194562e-05,4.949483844e-05,4.967202641e-05,4.979263213e-05,4.987234075e-05,4.992344896e-05,4.99551531e-05,4.997394999e-05,4.998399912e-05,4.998726254e-05,4.99831738e-05,4.996747002e-05,4.992965307e-05,4.984836927e-05,4.968390221e-05,4.936706414e-05,4.878404659e-05,4.775695502e-05,4.601957774e-05,4.319099803e-05,3.877520431e-05,3.229919495e-05,2.378866538e-05,1.448827654e-05,6.33595268e-06,5.871041444e-06,1.240512332e-05,1.763142136e-05,2.647803806e-05,3.985949877e-05,6.547294447e-05,0.0001061006084,0.0001277014771,0.0001277536932,0.0001257416203,0.0001237206525,0.0001216700966,0.0001199375408,0.0001189655025,0.0001190731574,0.0001203652255,0.0001227636817,0.0001260963664,0.0001301715737,0.0001348197409,0.000139907551,0.0001453369495,0.000151038473,0.0001569638166,0.0001630795599,0.0001693624679,0.0001757961824,0.0001823689714,0.0001890722232,0.0001958994469,0.0002028456083,0.0002099066878,0.0002170793838,0.0002243609122,0.00023174887,0.0002392411402,0.0002468358266,0.0002545312065,0.0002623256974,0.0002702178322,0.0002782062406,0.0002862896355,0.0002944668014,0.0003027365863,0.0003110978945,0.0003195496805,0.0003280909437,0.0003367207236,0.0003454380917,0.0003542421367,0.0003631319252,0.0003721063902,0.0003811640051,0.0003903018274,0.0003995127317,0.0004087776408,0.0004180441691,0.0004271651031,0.000435690552,0.0004419444827
3.000000,3.204105155e-06,9.422962274e-06,1.306997453e-05,1.980310432e-05,2.724440572e-05,4.656570006e-05,6.520316567e-05,6.423225223e-05,5.823190035e-05,5.479664615e-05,5.368250412e-05,5.376549915e-05,5.440445703e-05,5.525580043e-05,5.613146906e-05,5.693646924e-05,5.763123339e-05,5.820671481e-05,5.866911743e-05,5.90313309e-05,5.930844678e-05,5.951546843e-05,5.966608995e-05,5.977195839e-05,5.984211531e-05,5.988241749e-05,5.989474456e-05,5.987577788e-05,5.981510215e-05,5.969235596e-05,5.947319523e-05,5.91039517e-05,5.850511516e-05,5.756428177e-05,5.613011189e-05,5.401033262e-05,5.097898331e-05,4.679970345e-05,4.12642738e-05,3.419910447e-05,2.53328982e-05,1.472508196e-05,8.413247824e-06,1.033120505e-05,1.380274762e-05,1.916782665e-05,2.707432412e-05,4.534108376e-05,7.65083219e-05,0.0001111417546,0.0001280282938,0.0001324035571,0.0001342149615,0.0001346113941,0.0001344469604,0.0001341493072,0.0001338695982,0.0001337181866,0.0001338281112,0.0001343281279,0.0001353148416,0.0001368430228,0.0001389271919,0.0001415490417,0.0001446673319,0.000148227934,0.0001521723691,0.000156444005,0.0001609918313,0.000165772222,0.0001707492677,0.0001758942422,0.0001811846395,0.0001866030795,0.0001921362586,0.0001977740307,0.0002035086491,0.0002093341655,0.0002152459676,0.0002212404309,0.0002273146592,0.0002334662955,0.0002396933828,0.0002459942638,0.0002523675068,0.000258811852,0.0002653261698,0.0002719094261,0.0002785606447,0.000285278851,0.0002920629592,0.0002989115144,0.0003058220754,0.0003127897394,0.0003198036097,0.0003268381676,0.0003338317398,0.0003406320039,0.0003468611737,0.000351500541
3.500000,2.611869405e-06,5.190073207e-06,7.464416805e-06,8.608591124e-06,1.547214218e-05,1.759033583e-05,2.725186768e-05,5.393246348e-05,7.521018308e-05,8.261068528e-05,7.961599099e-05,7.534877392e-05,7.193387283e-05,6.955530492e-05,6.798531689e-05,6.703178255e-05,6.658009844e-05,6.651986391e-05,6.672922415e-05,6.709456978e-05,6.752665988e-05,6.796394395e-05,6.836882668e-05,6.872153729e-05,6.901409474e-05,6.924528828e-05,6.941678912e-05,6.953016851e-05,6.958449045e-05,6.957416486e-05,6.948680292e-05,6.930089509e-05,6.898310069e-05,6.848520036e-05,6.774070211e-05,6.666125776e-05,6.513324516e-05,6.301529045e-05,6.013846163e-05,5.631297704e-05,5.134884286e-05,4.509819158e-05,3.750187856e-05,2.856196824e-05,1.855610828e-05,1.146516915e-05,1.241238318e-05,2.050253625e-05,2.621161891e-05,3.878172117e-05,5.481898413e-05,9.396344722e-05,0.0001279299429,0.0001284340968,0.0001275539667,0.0001292068705,0.000131947974,0.0001348358261,0.0001374668739,0.0001396668307,0.0001414218844,0.0001428133188,0.0001439647672,0.000145009189,0.0001460704822,0.0001472539331,0.0001486419223,0.0001502929898,0.0001522431868,0.0001545089625,0.0001570909403,0.0001599779869,0.0001631510809,0.0001665866504,0.0001702592207,0.0001741433567,0.0001782149696,0.0001824521025,0.0001868353163,0.00019134779,0.0001959752312,0.0002007056717,0.000205529204,0.000210437698,0.0002154245229,0.0002204842877,0.0002256126071,0.000230805891,0.0002360611453,0.000241375762,0.0002467472459,0.0002521727733,0.0002576483569,0.0002631671616,0.0002687160541,0.0002742681966,0.000279765798,0.0002850799837,0.0002899169078,0.000293479664
4.000000,3.276060801e-06,5.386983787e-06,5.567131876e-06,9.804170333e-06,1.311697781e-05,1.52555122e-05,2.1358558e-05,2.984462071e-05,3.654434731e-05,5.966473538e-05,8.434904016e-05,8.801649328e-05,8.429990313e-05,8.314801904e-05,8.255116501e-05,8.204373778e-05,8.145157115e-05,8.075716587e-05,8.001736437e-05,7.93114985e-05,7.871281418e-05,7.827128106e-05,7.800579121e-05,7.790619215e-05,7.794210828e-05,7.807363658e-05,7.826027189e-05,7.846602782e-05,7.866116808e-05,7.88216485e-05,7.892725031e-05,7.895907714e-05,7.889683059e-05,7.871609719e-05,7.838562177e-05,7.786461052e-05,7.710017774e-05,7.602495755e-05,7.455504981e-05,7.258862511e-05,7.000585566e-05,6.667158214e-05,6.244368716e-05,5.71929972e-05,5.084417851e-05,4.344630781e-05,3.526283985e-05,2.683870281e-05,1.827852979e-05,1.384689266e-05,2.89258538e-05,4.471320357e-05,6.669751627e-05,9.29257452e-05,0.0001050026091,0.0001113068291,0.0001173737952,0.0001225046983,0.0001267404461,0.0001304011725,0.0001337412582,0.0001368672762,0.0001397895616,0.0001424880842,0.0001449516866,0.0001471905049,0.0001492328517,0.0001511175675,0.0001528879845,0.0001545887949,0.0001562646962,0.0001579594284,0.000159714481,0.0001615674397,0.000163550326,0.0001656883346,0.0001679992298,0.0001704934523,0.0001731748185,0.0001760416093,0.0001790878302,0.0001823044653,0.0001856806057,0.0001892043871,0.0001928637166,0.0001966467975,0.0002005424732,0.0002045404139,0.0002086311653,0.0002128060548,0.0002170569218,0.0002213755753,0.0002257527633,0.0002301762171,0.0002346268917,0.0002390716701,0.0002434491642,0.0002476417835,0.0002514155501,0.0002542022348
4.500000,3.606040203e-06,5.532115164e-06,6.517248354e-06,8.321706354e-06,1.018788792e-05,1.270534268e-05,1.505617808e-05,1.920741647e-05,2.451775836e-05,3.706219632e-05,4.916584331e-05,6.907558543e-05,9.302487278e-05,9.761512142e-05,9.288791024e-05,9.159795272e-05,9.142830685e-05,9.142869576e-05,9.138600012e-05,9.125130239e-05,9.102088214e-05,9.070898946e-05,9.034127815e-05,8.994986471e-05,8.956733753e-05,8.922157975e-05,8.893258259e-05,8.871111776e-05,8.855870145e-05,8.846838683e-05,8.842607347e-05,8.841205054e-05,8.840246325e-05,8.837040175e-05,8.82863788e-05,8.811816782e-05,8.782997836e-05,8.738113205e-05,8.672437094e-05,8.580394448e-05,8.455356378e-05,8.289422186e-05,8.073176439e-05,7.795396225e-05,7.442664907e-05,6.998840207e-05,6.444502817e-05,5.75745059e-05,4.9181015e-05,3.89801372e-05,2.447346582e-05,2.515689591e-05,3.419382934e-05,4.49218891e-05,7.258224633e-05,0.0001005974984,0.0001091506381,0.0001085853728,0.0001105833002,0.0001142026592,0.000118270945,0.0001224166305,0.0001265068213,0.0001304743965,0.0001342800898,0.000137894033,0.0001412933645,0.0001444659319,0.0001474124499,0.0001501452829,0.0001526850045,0.000155056607,0.0001572866721,0.0001594018697,0.0001614284815,0.0001633924168,0.0001653192792,0.0001672342421,0.0001691616797,0.000171124621,0.000173144139,0.0001752387894,0.0001774241796,0.0001797127119,0.0001821135117,0.0001846325237,0.000187272741,0.0001900345204,0.0001929159294,0.0001959130598,0.0001990202242,0.0002022299145,0.000205532321,0.0002089140593,0.0002123554268,0.0002158248681,0.0002192682558,0.0002225902003,0.0002256129759,0.0002278533849
5.000000,3.629563789e-06,5.827391558e-06,5.868753615e-06,7.248570611e-06,1.102256581e-05,1.18048425e-05,1.099719526e-05,1.461166856e-05,2.188439816e-05,2.607175129e-05,3.737843802e-05,4.540125217e-05,6.976014421e-05,9.39282203e-05,9.292278822e-05,9.224994351e-05,9.323996022e-05,9.500192077e-05,9.685163303e-05,9.842883834e-05,9.960221572e-05,0.000100357551,0.0001007491028,0.0001008665716,0.0001008033146,0.0001006348792,0.0001004121261,0.0001001650977,9.991055967e-05,9.965846833e-05,9.941558797e-05,9.918651828e-05,9.89731987e-05,9.877389583e-05,9.858228191e-05,9.838682249e-05,9.817044236e-05,9.791032594e-05,9.757768456e-05,9.713734197e-05,9.65470268e-05,9.575630187e-05,9.470510562e-05,9.332193814e-05,9.152181773e-05,8.920430011e-05,8.625216581e-05,8.253212335e-05,7.79006783e-05,7.22204167e-05,6.53846733e-05,5.730665789e-05,4.761570372e-05,3.334948712e-05,3.501735386e-05,4.491244952e-05,7.072671859e-05,0.0001006721251,0.0001099599751,0.0001090202148,0.0001117275418,0.0001149080234,0.0001181649762,0.0001214239435,0.0001246658177,0.0001278707827,0.0001310341842,0.0001341651446,0.000137274135,0.0001403630513,0.0001434225945,0.0001464353065,0.000149380768,0.0001522402837,0.0001549998658,0.000157651462,0.0001601929234,0.000162627293,0.0001649618542,0.0001672071796,0.0001693762744,0.0001714838296,0.0001735455696,0.0001755776801,0.0001775963035,0.0001796170974,0.0001816548477,0.0001837231278,0.0001858339892,0.0001879976549,0.0001902221668,0.0001925128983,0.0001948717683,0.0001972958646,0.0001997749748,0.0002022871788,0.0002047911743,0.0002072121362,0.000209409904,0.000211037289
5.500000,3.469152191e-06,5.846157669e-06,9.364820066e-06,1.096842593e-05,1.750193149e-05,2.506507264e-05,2.293011836e-05,1.241568929e-05,1.191893937e-05,1.576395431e-05,1.957684098e-05,2.783789534e-05,3.852996555e-05,6.871915222e-05,9.484643207e-05,9.382594104e-05,9.453624994e-05,9.589164805e-05,9.732743027e-05,9.882237197e-05,0.0001003901463,0.0001019862924,0.0001035299237,0.0001049482108,0.0001061957248,0.0001072516831,0.0001081114578,0.0001087802788,0.0001092699758,0.0001095973655,0.0001097830485,0.000109849968,0.0001098216079,0.0001097200221,0.000109563943,0.0001093673955,0.0001091388647,0.0001088809147,0.0001085900751,0.0001082567983,0.0001078653365,0.0001073934538,0.0001068119504,0.0001060840182,0.0001051644662,0.0001039988464,0.0001025224172,0.0001006585097,9.831473157e-05,9.537319274e-05,9.166942316e-05,8.695622363e-05,8.083054528e-05,7.246433263e-05,5.863244996e-05,4.604264194e-05,6.494622458e-05,8.972113625e-05,9.319311245e-05,9.283744224e-05,9.653340533e-05,0.0001006622863,0.0001048892851,0.0001091017946,0.0001132563183,0.0001173106035,0.0001212165364,0.0001249389144,0.000128467755,0.0001318163521,0.0001350116494,0.0001380842895,0.0001410618355,0.0001439655321,0.0001468096616,0.0001496023714,0.0001523470982,0.0001550440459,0.000157691464,0.0001602866598,0.0001628267741,0.000165309375,0.0001677329099,0.0001700970376,0.0001724028434,0.0001746529373,0.0001768514328,0.0001790038101,0.0001811166687,0.0001831973699,0.0001852535539,0.00018729249,0.0001893201612,0.0001913398912,0.000193350151,0.0001953409007,0.0001972873516,0.0001991388338,0.0002007953969,0.000202006503
6.000000,4.099166592e-06,6.790670094e-06,6.379165107e-06,1.025209075e-05,1.746576178e-05,2.839246898e-05,3.608021254e-05,3.303842412e-05,2.692696966e-05,1.896970664e-05,1.631123986e-05,1.89558802e-05,2.750647295e-05,3.604510993e-05,5.922165772e-05,8.418467069e-05,9.166203635e-05,9.120376764e-05,9.34489479e-05,9.601341359e-05,9.856217391e-05,0.000101036067,0.0001033960093,0.0001055863783,0.0001075694743,0.0001093390904,0.0001109112596,0.0001123097484,0.0001135557493,0.0001146635968,0.0001156408534,0.000116490467,0.0001172133402,0.0001178104568,0.0001182842416,0.0001186391219,0.0001188814061,0.0001190186572,0.0001190587425,0.0001190087339,0.0001188737833,0.000118655935,0.0001183530156,0.0001179575518,0.0001174556557,0.0001168258039,0.0001160374384,0.0001150493568,0.0001138079527,0.0001122455479,0.0001102794534,0.0001078135899,0.0001047497305,0.0001010332068,9.677074568e-05,9.233127368e-05,8.815705948e-05,8.52676806e-05,8.586032632e-05,8.963888037e-05,9.438734402e-05,9.869259308e-05,0.0001022066907,0.0001051542115,0.0001078533568,0.0001105133945,0.0001132393647,0.0001160777302,0.0001190422441,0.000122122821,0.0001252906752,0.000128506318,0.0001317291178,0.0001349246564,0.0001380680852,0.0001411441182,0.0001441452529,0.0001470695513,0.0001499186793,0.0001526964011,0.0001554074881,0.0001580569468,0.0001606494934,0.0001631892295,0.0001656794902,0.0001681228324,0.0001705211269,0.0001728757085,0.0001751875381,0.0001774573274,0.0001796855705,0.0001818724165,0.0001840172821,0.0001861180381,0.0001881694494,0.0001901602066,0.0001920673047,0.0001938457937,0.0001954094157,0.0001965551435
6.500000,3.046384043e-06,6.952776472e-06,9.463509087e-06,1.172826652e-05,1.609021936e-05,2.17268807e-05,2.6926003e-05,4.080707534e-05,5.161817416e-05,4.362273047e-05,3.627050736e-05,3.059708257e-05,2.079029716e-05,2.041576806e-05,2.811258692e-05,4.086633286e-05,5.563670528e-05,8.142743385e-05,0.0001022372306,0.0001003354506,9.918176268e-05,0.0001008437943,0.0001027280275,0.0001045857419,0.0001064481893,0.0001083438775,0.0001102651658,0.0001121792753,0.0001140468968,0.00011583404,0.0001175160972,0.0001190776193,0.0001205104617,0.0001218116156,0.0001229813385,0.0001240217947,0.0001249361491,0.0001257279704,0.0001264008269,0.0001269580038,0.0001274022926,0.0001277358025,0.0001279597372,0.0001280740838,0.000128077216,0.0001279654065,0.0001277323811,0.0001273688156,0.0001268621563,0.0001261968692,0.0001253553584,0.0001243197951,0.000123075069,0.00012161297,0.0001199374918,0.0001180707892,0.0001160588177,0.0001139751413,0.0001119210535,0.0001100203927,0.0001084085432,0.0001072168642,0.0001065558303,0.0001064988322,0.0001070707722,0.0001082408665,0.0001099328691,0.000112040826,0.0001144493087,0.0001170519145,0.0001197636667,0.0001225258698,0.0001253044913,0.000128084461,0.0001308624942,0.0001336405192,0.0001364209141,0.0001392038767,0.0001419866124,0.0001447637262,0.0001475281959,0.0001502724535,0.000152989298,0.0001556725256,0.000158317266,0.0001609200721,0.0001634788246,0.0001659925162,0.0001684609621,0.0001708844649,0.000173263433,0.0001755979139,0.000177886948,0.0001801275657,0.000182313113,0.0001844303668,0.0001864545951,0.0001883411162,0.0001900050977,0.0001912270576
7.000000,4.66920602e-06,5.95708632e-06,6.786742856e-06,1.198793763e-05,1.458521845e-05,1.631034176e-05,2.197131154e-05,3.025950822e-05,4.72454184e-05,6.063989057e-05,5.865340775e-05,5.175966128e-05,4.614702389e-05,4.003046066e-05,3.169568542e-05,2.401864168e-05,2.745525275e-05,3.958886003e-05,6.79289197e-05,9.059990716e-05,9.711565117e-05,9.807155134e-05,0.0001006856385,0.0001038622135,0.0001067488742,0.0001091355516,0.0001111280661,0.0001129031597,0.0001145911542,0.0001162556498,0.0001179149326,0.0001195659468,0.0001211980654,0.000122798557,0.0001243544462,0.0001258533308,0.0001272838534,0.0001286359536,0.0001299009847,0.0001310717621,0.0001321425525,0.0001331089818,0.0001339678453,0.0001347168319,0.0001353541915,0.0001358783851,0.0001362877518,0.0001365802209,0.000136753093,0.0001368029069,0.0001367254321,0.0001365159075,0.0001361693187,0.0001356809511,0.0001350472199,0.0001342667711,0.0001333418357,0.0001322797667,0.0001310946287,0.0001298086337,0.0001284531569,0.0001270690294,0.000125705822,0.0001244199354,0.0001232714935,0.0001223202758,0.000121621168,0.0001212198146,0.0001211490718,0.0001214268177,0.0001220544933,0.0001230190704,0.0001242955673,0.0001258503818,0.0001276448588,0.0001296386479,0.0001317925223,0.0001340704758,0.0001364410437,0.0001388779036,0.0001413598765,0.0001438704881,0.0001463972572,0.0001489308659,0.0001514643341,0.000153992288,0.0001565103695,0.0001590147967,0.0001615020556,0.0001639686751,0.0001664110186,0.0001688249927,0.0001712055356,0.0001735456589,0.0001758346809,0.0001780551012,0.0001801772559,0.0001821498701,0.0001838799956,0.0001851600507
7.500000,4.307736783e-06,5.83822228e-06,7.868234259e-06,1.07177562e-05,1.268716963e-05,1.567125011e-05,1.682334973e-05,2.695387948e-05,3.79280139e-05,5.356057899e-05,6.726517973e-05,6.506926733e-05,6.041788945e-05,5.732892015e-05,5.427951853e-05,5.057744757e-05,4.587111034e-05,3.938632778e-05,3.706064566e-05,4.457605495e-05,6.822074185e-05,9.23616085e-05,9.953528121e-05,9.805315957e-05,0.0001000148123,0.000102997006,0.0001061121032,0.000109049272,0.0001117638423,0.0001142877399,0.0001166530585,0.000118879342,0.0001209770853,0.0001229535943,0.0001248170545,0.0001265778488,0.000128247798,0.0001298384629,0.0001313594595,0.0001328173457,0.0001342152502,0.0001355531379,0.0001368284671,0.0001380369841,0.0001391734636,0.0001402322911,0.0001412078597,0.0001420947988,0.0001428880759,0.0001435830135,0.0001441752598,0.0001446607423,0.0001450356324,0.0001452963411,0.0001454395615,0.0001454623947,0.0001453625599,0.0001451387842,0.0001447911403,0.0001443215536,0.0001437343909,0.0001430370903,0.0001422407779,0.0001413607988,0.0001404170746,0.0001394341974,0.0001384411721,0.00013747075,0.0001365583334,0.0001357404925,0.0001350531995,0.0001345299383,0.0001341998907,0.0001340864364,0.0001342059966,0.0001345672983,0.000135171402,0.0001360125392,0.0001370790789,0.0001383548033,0.0001398202703,0.000141454136,0.0001432343374,0.0001451390727,0.0001471475534,0.0001492405263,0.0001514005802,0.0001536122618,0.0001558620254,0.0001581380293,0.0001604297785,0.0001627275793,0.0001650217171,0.0001673011895,0.0001695517108,0.0001717525423,0.0001738711958,0.0001758541681,0.0001776078556,0.0001789048259
8.000000,4.111727205e-06,6.862284839e-06,7.068065532e-06,9.839791067e-06,1.368966195e-05,1.586304065e-05,1.617720729e-05,2.032456262e-05,2.88324642e-05,3.972636427e-05,5.881548472e-05,7.377345549e-05,7.186461787e-05,6.921415683e-05,6.761715212e-05,6.617379342e-05,6.427833535e-05,6.1554682e-05,5.7576979e-05,5.108726577e-05,4.054979965e-05,4.604501115e-05,7.713072989e-05,9.845490319e-05,9.933392643e-05,9.972218209e-05,0.0001016817037,0.0001041895056,0.0001070167457,0.0001098766995,0.0001126123922,0.0001151996707,0.0001176643213,0.0001200350032,0.0001223289588,0.0001245506516,0.0001266963393,0.0001287598098,0.0001307362826,0.0001326238831,0.000134423469,0.000136137763,0.0001377704126,0.0001393252353,0.0001408056978,0.0001422145899,0.0001435538373,0.0001448244106,0.0001460263013,0.0001471585529,0.0001482193384,0.0001492060766,0.0001501155761,0.0001509441966,0.0001516880138,0.000152342983,0.0001529050963,0.0001533705349,0.0001537358236,0.000153997993,0.0001541547614,0.0001542047346,0.0001541476456,0.0001539846798,0.0001537187168,0.0001533546212,0.0001528995308,0.0001523631124,0.0001517577501,0.000151098633,0.0001504037044,0.0001496934459,0.0001489904755,0.0001483189599,0.0001477038562,0.0001471700266,0.0001467412826,0.0001464394367,0.0001462834473,0.0001462887111,0.0001464665274,0.0001468237229,0.0001473628008,0.0001480821827,0.0001489766493,0.0001500379022,0.0001512551864,0.0001526159107,0.0001541062099,0.0001557113925,0.0001574162175,0.0001592049237,0.0001610609058,0.0001629658688,0.0001648982158,0.0001668302458,0.000168723239,0.0001705181615,0.0001721160547,0.000173304158
8.500000,3.669060502e-06,5.88402423e-06,7.621652018e-06,8.287412942e-06,1.229155649e-05,1.508010936e-05,1.538300521e-05,1.978988742e-05,2.582294494e-05,3.27777083e-05,3.975641731e-05,6.021644351e-05,7.890592964e-05,7.939909572e-05,7.702002104e-05,7.622722348e-05,7.521932571e-05,7.360287396e-05,7.126682812e-05,6.796333148e-05,6.253504964e-05,4.98644783e-05,4.777000189e-05,7.445587452e-05,9.780551088e-05,0.0001002340776,9.906647768e-05,0.0001008285525,0.0001029143224,0.0001052216709,0.000107752649,0.0001104378794,0.0001131745147,0.0001158782035,0.0001185012361,0.000121026809,0.0001234563201,0.0001257983106,0.0001280615854,0.0001302522756,0.0001323735179,0.0001344263394,0.0001364107383,0.0001383264573,0.0001401733497,0.0001419514555,0.0001436609488,0.0001453020693,0.0001468750793,0.000148380239,0.0001498177772,0.0001511878445,0.0001524904464,0.0001537253657,0.0001548920902,0.0001559897566,0.00015701712,0.0001579725529,0.000158854074,0.0001596594042,0.0001603860487,0.0001610313996,0.0001615928591,0.0001620679799,0.0001624546216,0.000162751122,0.0001629564805,0.0001630705525,0.0001630942456,0.0001630297353,0.0001628806825,0.0001626523756,0.0001623518717,0.000161988094,0.0001615718703,0.0001611158947,0.000160634603,0.0001601439516,0.0001596610988,0.0001592039962,0.0001587909019,0.0001584398435,0.0001581680568,0.0001579914372,0.0001579240492,0.0001579776918,0.0001581615109,0.0001584817876,0.0001589418541,0.0001595420493,0.0001602797071,0.0001611490941,0.0001621411851,0.0001632431041,0.0001644369679,0.0001656977269,0.0001669893382,0.0001682580193,0.0001694187077,0.0001702886823
9.000000,4.200736215e-06,6.911631478e-06,8.540548777e-06,9.093354261e-06,1.051101992e-05,1.228201083e-05,1.614700767e-05,2.134855027e-05,2.406333107e-05,2.473670604e-05,3.339429091e-05,4.174088499e-05,6.67528519e-05,8.574972825e-05,8.331395828e-05,8.127444415e-05,8.07445381e-05,8.041519177e-05,7.981454535e-05,7.866642274e-05,7.67375852e-05,7.369104916e-05,6.82255086e-05,7.213734846e-05,8.321696589e-05,8.922770371e-05,9.279722609e-05,9.598815586e-05,9.886699158e-05,0.0001016522932,0.0001044270652,0.0001071628284,0.0001098319819,0.0001124302548,0.0001149626681,0.000117435637,0.000119856287,0.0001222323754,0.0001245707691,0.0001268756318,0.000129147586,0.0001313840965,0.0001335806215,0.000135731934,0.0001378331858,0.0001398805331,0.0001418713327,0.0001438040266,0.0001456778644,0.0001474925896,0.0001492481748,0.0001509446365,0.0001525819304,0.0001541599063,0.0001556782977,0.0001571367254,0.000158534702,0.0001598716301,0.0001611467955,0.0001623593554,0.0001635083266,0.0001645925766,0.0001656108211,0.0001665616307,0.0001674434494,0.0001682546267,0.0001689934639,0.0001696582774,0.0001702474771,0.0001707596616,0.0001711937275,0.0001715489922,0.000171825327,0.0001720232973,0.0001721443052,0.0001721907264,0.0001721660409,0.0001720749615,0.0001719235048,0.0001717190274,0.0001714702311,0.0001711871159,0.000170880875,0.0001705637306,0.0001702487089,0.0001699493576,0.0001696794116,0.0001694524159,0.0001692813111,0.0001691779882,0.0001691528091,0.0001692140718,0.0001693673386,0.0001696146682,0.0001699535269,0.000170375164,0.0001708620596,0.0001713839495,0.00017189207,0.0001722936762
9.500000,3.847889978e-06,5.882099477e-06,6.169868024e-06,9.717081812e-06,1.264742294e-05,1.563182388e-05,1.816080964e-05,1.544352662e-05,1.696732409e-05,2.223606432e-05,2.548924382e-05,3.79179986e-05,5.095158956e-05,7.053032138e-05,8.736440254e-05,8.923805772e-05,8.716845995e-05,8.637956828e-05,8.659885771e-05,8.723572222e-05,8.79152752e-05,8.851832518e-05,8.904454555e-05,8.954128182e-05,9.008372537e-05,9.076226415e-05,9.167001037e-05,9.289094635e-05,9.448601191e-05,9.647728668e-05,9.883752097e-05,0.0001014933938,0.0001043430775,0.00010728014,0.0001102140395,0.0001130815541,0.0001158486185,0.0001185052736,0.000121057459,0.0001235188583,0.000125904745,0.0001282284263,0.0001304999004,0.0001327259149,0.0001349106361,0.000137056399,0.0001391642948,0.0001412345557,0.000143266788,0.0001452601262,0.0001472133577,0.0001491250403,0.000150993617,0.0001528175187,0.0001545952455,0.0001563254218,0.0001580068206,0.0001596383628,0.0001612190956,0.0001627481589,0.0001642247467,0.0001656480684,0.0001670173155,0.0001683316348,0.0001695901092,0.0001707917458,0.0001719354712,0.0001730201328,0.0001740445071,0.0001750073133,0.0001759072357,0.0001767429521,0.0001775131714,0.0001782166809,0.000178852402,0.0001794194562,0.0001799172409,0.0001803455116,0.0001807044729,0.0001809948717,0.0001812180929,0.000181376251,0.0001814722747,0.0001815099774,0.0001814941089,0.000181430391,0.0001813255001,0.0001811870107,0.0001810232988,0.0001808433873,0.000180656727,0.0001804729013,0.0001803012433,0.0001801503483,0.0001800274701,0.0001799377867,0.0001798835114,0.0001798628555,0.0001798688771,0.0001798874206
10.000000,4.326840602e-06,5.751080049e-06,8.043141675e-06,1.008341901e-05,1.4011806e-05,1.54359185e-05,2.613644269e-05,3.605865164e-05,3.006580457e-05,1.939087489e-05,1.824410363e-05,2.206761034e-05,2.766775346e-05,4.07660384e-05,6.739904072e-05,8.634681852e-05,9.01328198e-05,9.087959207e-05,9.214293369e-05,9.329165275e-05,9.422035259e-05,9.506743835e-05,9.591078572e-05,9.674588841e-05,9.755491934e-05,9.834272182e-05,9.913476572e-05,9.99646339e-05,0.0001008651792,0.0001018648421,0.0001029868976,0.0001042495295,0.0001056656299,0.0001072421365,0.000108979251,0.00011087002,0.0001129006116,0.000115051369,0.000117298496,0.0001196160923,0.0001219782237,0.0001243607459,0.0001267426872,0.0001291070898,0.0001314413071,0.000133736827,0.0001359887417,0.0001381950061,0.0001403556213,0.0001424718593,0.0001445456048,0.0001465788563,0.0001485733915,0.0001505305798,0.0001524513088,0.0001543359908,0.000156184616,0.000157996826,0.0001597719937,0.0001615092953,0.000163207773,0.0001648663841,0.0001664840395,0.0001680596299,0.000169592044,0.0001710801776,0.0001725229369,0.0001739192371,0.0001752679974,0.0001765681345,0.0001778185557,0.000179018153,0.0001801658004,0.0001812603536,0.0001823006545,0.0001832855411,0.0001842138623,0.0001850844993,0.000185896393,0.0001866485776,0.0001873402213,0.0001879706722,0.0001885395102,0.0001890466037,0.000189492169,0.0001898768314,0.0001902016852,0.0001904683494,0.0001906790152,0.0001908364829,0.0001909441813,0.0001910061705,0.000191027125,0.0001910123059,0.0001909675433,0.0001908992602,0.0001908146381,0.0001907220447,0.0001906319971,0.0001905610367
10.500000,3.68637557e-06,5.349962247e-06,8.207612068e-06,9.004803972e-06,1.299189936e-05,2.016444134e-05,2.057800763e-05,3.616884867e-05,5.089347941e-05,4.37878858e-05,3.467639103e-05,2.659381883e-05,2.070419664e-05,2.308062591e-05,3.427620284e-05,4.613458403e-05,6.951474823e-05,9.200564657e-05,9.68570073e-05,9.634118289e-05,9.667910267e-05,9.777052688e-05,9.916273933e-05,0.0001005870589,0.0001019409998,0.0001032109318,0.0001044053305,0.0001055314936,0.0001065979625,0.0001076193451,0.0001086164806,0.000109613365,0.0001106336723,0.0001116984874,0.0001128253962,0.0001140283728,0.000115317909,0.0001167011173,0.0001181817781,0.0001197604064,0.0001214344122,0.0001231983898,0.0001250445278,0.0001269631118,0.0001289430798,0.0001309725904,0.0001330395691,0.0001351322027,0.0001372393573,0.0001393509036,0.0001414579424,0.0001435529293,0.0001456297036,0.0001476834375,0.0001497105197,0.0001517083926,0.0001536753649,0.000155610415,0.0001575130012,0.0001593828918,0.0001612200202,0.0001630243707,0.0001647958943,0.0001665344532,0.0001682397882,0.0001699115062,0.0001715490809,0.0001731518632,0.0001747190961,0.0001762499328,0.0001777434531,0.0001791986793,0.000180614589,0.0001819901264,0.0001833242095,0.0001846157374,0.0001858635948,0.0001870666565,0.0001882237925,0.000189333873,0.0001903957762,0.0001914083974,0.0001923706617,0.0001932815395,0.0001941400661,0.0001949453648,0.0001956966748,0.0001963933826,0.0001970350577,0.0001976214929,0.0001981527478,0.000198629198,0.0001990515867,0.0001994210807,0.000199739319,0.0002000084359,0.0002002310033,0.0002004097335,0.0002005463097,0.0002006354964
11.000000,2.722785284e-06,5.019937251e-06,8.126518475e-06,9.235443089e-06,1.2093446e-05,1.481644006e-05,2.061147312e-05,2.902007255e-05,4.346698778e-05,5.693017514e-05,5.71879069e-05,5.035569123e-05,4.393488304e-05,3.677374592e-05,2.23575981e-05,2.620675487e-05,3.634871378e-05,4.837534296e-05,7.155636343e-05,9.539873931e-05,0.0001023823288,0.0001013870341,0.0001015645553,0.0001027543984,0.0001043769176,0.0001060217771,0.0001075379531,0.0001089295394,0.0001102371118,0.0001114920415,0.0001127107043,0.0001138997453,0.0001150622998,0.0001162020802,0.0001173249968,0.0001184391934,0.0001195544424,0.0001206814152,0.0001218309923,0.000123013636,0.0001242388407,0.0001255146857,0.0001268475133,0.0001282417441,0.0001296998214,0.0001312222668,0.0001328078225,0.0001344536558,0.0001361556015,0.0001379084252,0.0001397060916,0.0001415420254,0.0001434093573,0.000145301147,0.0001472105782,0.0001491311217,0.0001510566653,0.0001529816089,0.0001549009269,0.0001568101992,0.0001587056143,0.0001605839487,0.0001624425269,0.000164279167,0.0001660921164,0.0001678799825,0.0001696416626,0.0001713762761,0.0001730831016,0.0001747615221,0.0001764109776,0.000178030927,0.0001796208188,0.0001811800695,0.0001827080496,0.0001842040753,0.0001856674051,0.0001870972404,0.0001884927282,0.0001898529661,0.0001911770082,0.0001924638716,0.0001937125438,0.0001949219897,0.0001960911595,0.0001972189975,0.0001983044503,0.0001993464769,0.0002003440588,0.0002012962092,0.0002022019791,0.0002030604524,0.0002038707174,0.0002046317852,0.0002053423988,0.0002060006083,0.0002066027895,0.000207141447,0.0002075996832,0.000207927001
11.500000,3.103645151e-06,5.455620952e-06,7.067465194e-06,1.022437176e-05,1.186338034e-05,1.278868167e-05,1.988001227e-05,2.819565803e-05,3.388905336e-05,5.071157153e-05,6.638204577e-05,6.307922639e-05,5.642604323e-05,5.30156019e-05,4.870631697e-05,4.237959043e-05,3.348467859e-05,2.432027166e-05,3.323491102e-05,5.184864621e-05,8.481379754e-05,0.0001061933944,0.0001022776963,0.0001022844002,0.000104056539,0.0001061017347,0.0001081192646,0.0001100553219,0.0001118881654,0.0001136032098,0.0001152016942,0.0001166972371,0.0001181084265,0.0001194533613,0.0001207468167,0.0001219997088,0.000123220065,0.0001244144488,0.0001255890686,0.0001267503207,0.0001279048842,0.0001290595971,0.0001302212794,0.0001313965734,0.000132591803,0.0001338128385,0.0001350649563,0.0001363526989,0.0001376797489,0.0001390488324,0.0001404616617,0.0001419189224,0.0001434203029,0.0001449645617,0.0001465496242,0.0001481727,0.0001498304123,0.0001515189326,0.0001532341123,0.0001549716078,0.0001567269949,0.0001584958697,0.0001602739344,0.0001620570678,0.000163841381,0.0001656232563,0.0001673993743,0.0001691667264,0.0001709226172,0.0001726646564,0.0001743907429,0.0001760990431,0.0001777879636,0.0001794561223,0.0001811023163,0.0001827254913,0.0001843247111,0.0001858991286,0.0001874479605,0.0001889704639,0.0001904659168,0.0001919336019,0.0001933727936,0.0001947827482,0.0001961626967,0.0001975118397,0.0001988293438,0.0002001143382,0.0002013659084,0.0002025830841,0.0002037648107,0.0002049098906,0.00020601686,0.0002070837445,0.0002081075689,0.0002090833858,0.0002100024775,0.0002108483095,0.0002115863096,0.000212120666
12.000000,3.99839962e-06,4.828444954e-06,6.784857135e-06,7.827713162e-06,1.067923899e-05,1.279728988e-05,1.604741767e-05,1.839482961e-05,2.971044412e-05,4.719825261e-05,6.287385429e-05,6.856660366e-05,6.646998728e-05,6.492436913e-05,6.327789742e-05,6.069355821e-05,5.679344708e-05,5.137395299e-05,4.401980062e-05,3.432291617e-05,3.818492904e-05,4.825861913e-05,8.205223105e-05,0.0001097838709,0.0001030268657,0.0001039977041,0.0001068794325,0.0001097330679,0.0001122163979,0.0001143103581,0.0001161190138,0.000117765531,0.0001193397722,0.0001208869325,0.0001224186711,0.0001239294116,0.0001254086996,0.0001268478098,0.000128242097,0.0001295910428,0.0001308973659,0.0001321659366,0.0001334028274,0.0001346146121,0.000135807912,0.0001369891411,0.0001381643871,0.0001393393684,0.0001405194236,0.000141709505,0.000142914161,0.0001441375064,0.000145383181,0.0001466543061,0.000147953443,0.0001492825612,0.0001506430187,0.0001520355584,0.0001534603196,0.0001549168651,0.0001564042215,0.0001579209314,0.0001594651134,0.0001610345284,0.0001626266483,0.0001642387253,0.0001658678584,0.0001675110568,0.0001691652969,0.0001708275731,0.0001724949418,0.0001741645569,0.0001758336991,0.0001774997975,0.0001791604436,0.0001808134007,0.0001824566061,0.0001840881699,0.0001857063683,0.0001873096347,0.000188896547,0.0001904658145,0.0001920162612,0.0001935468107,0.0001950564683,0.0001965443036,0.0001980094319,0.0001994509926,0.0002008681213,0.0002022599091,0.0002036253354,0.0002049631462,0.0002062716278,0.0002075481747,0.0002087884732,0.0002099849875,0.0002111242011,0.0002121815273,0.000213109408,0.0002137914059
12.500000,3.55789588e-06,5.391356491e-06,6.478766879e-06,6.947753463e-06,1.009023987e-05,1.127021367e-05,1.576993724e-05,1.969204798e-05,2.092100566e-05,3.128596182e-05,4.113625497e-05,6.241481494e-05,8.300891704e-05,8.069195582e-05,7.480050765e-05,7.241580772e-05,7.065212619e-05,6.826492915e-05,6.43117392e-05,5.687224029e-05,4.108146467e-05,3.861941516e-05,4.252346198e-05,7.635979441e-05,0.000105351663,0.0001017272438,0.0001016051522,0.0001029632398,0.0001053301757,0.000108236351,0.000111334124,0.0001143514712,0.0001171414477,0.0001196662801,0.0001219473978,0.0001240259522,0.000125942992,0.0001277321368,0.0001294185256,0.0001310205559,0.0001325521878,0.000134024604,0.0001354470026,0.0001368268623,0.000138170097,0.000139481329,0.0001407642958,0.0001420222929,0.0001432585436,0.0001444764366,0.0001456796222,0.0001468719976,0.0001480576231,0.0001492406086,0.0001504249975,0.0001516146643,0.0001528132318,0.0001540240086,0.000155249943,0.0001564935915,0.0001577570982,0.0001590421826,0.0001603501354,0.0001616818219,0.0001630376911,0.0001644177918,0.0001658217952,0.0001672490214,0.0001686984724,0.0001701688671,0.0001716586798,0.0001731661793,0.0001746894692,0.0001762265263,0.0001777752386,0.0001793334395,0.0001808989402,0.000182469558,0.0001840431408,0.0001856175886,0.0001871908698,0.0001887610348,0.0001903262249,0.0001918846781,0.0001934347309,0.0001949748156,0.0001965034533,0.0001980192386,0.0001995208143,0.000201006825,0.0002024758363,0.0002039261873,0.0002053557204,0.0002067612765,0.000208137741,0.0002094762563,0.0002107609066,0.0002119624624,0.0002130240044,0.0002138046048
13.000000,3.687964298e-06,5.664554735e-06,6.566494845e-06,7.730079234e-06,9.150682983e-06,1.214791336e-05,1.450654045e-05,1.6602283e-05,1.825294123e-05,2.525191429e-05,3.534973696e-05,4.175210194e-05,6.814322016e-05,8.827465592e-05,8.217054378e-05,7.963157025e-05,7.909242927e-05,7.867102296e-05,7.759119877e-05,7.5451989e-05,7.18247499e-05,6.557249383e-05,5.277617908e-05,5.126480387e-05,7.219089974e-05,9.240411036e-05,9.904841798e-05,9.926974341e-05,0.0001003751288,0.0001027580616,0.0001058197556,0.0001090011524,0.0001120457347,0.0001149028578,0.0001175930696,0.0001201464334,0.0001225873046,0.0001249322726,0.0001271900697,0.0001293626326,0.0001314475535,0.0001334411784,0.0001353412469,0.000137148392,0.0001388664314,0.0001405017972,0.0001420625679,0.000143557482,0.0001449951588,0.0001463836033,0.0001477299729,0.0001490405389,0.000150320766,0.0001515754466,0.0001528088483,0.0001540248479,0.0001552270407,0.0001564188221,0.0001576034398,0.0001587840216,0.000159963581,0.0001611450068,0.0001623310403,0.0001635242476,0.0001647269883,0.0001659413866,0.0001671693063,0.0001684123309,0.0001696717514,0.0001709485589,0.000172243445,0.0001735568067,0.000174888757,0.0001762391391,0.0001776075448,0.0001789933344,0.00018039566,0.0001818134891,0.0001832456296,0.0001846907546,0.0001861474266,0.0001876141218,0.0001890892515,0.0001905711828,0.0001920582555,0.0001935487961,0.0001950411256,0.000196533559,0.0001980243907,0.0001995118549,0.0002009940431,0.0002024687402,0.0002039331138,0.0002053831334,0.0002068124988,0.0002082106762,0.0002095593343,0.0002108254866,0.000211946468,0.0002127810384
13.500000,3.118848391e-06,4.908631983e-06,7.187712046e-06,8.427033181e-06,9.03015537e-06,1.24753025e-05,2.491570658e-05,3.167925204e-05,2.650737172e-05,1.817998521e-05,1.896097854e-05,2.91548888e-05,3.932892691e-05,5.571743585e-05,8.009673544e-05,9.164807503e-05,8.88172366e-05,8.728991038e-05,8.602009384e-05,8.413725304e-05,8.101173297e-05,7.572134231e-05,6.624122647e-05,4.876349983e-05,5.286082873e-05,8.462098238e-05,0.0001109092445,0.0001098430264,0.000106266521,0.000105126833,0.0001058246005,0.0001073169676,0.0001091973474,0.0001113226949,0.000113603555,0.0001159765748,0.0001183985585,0.0001208386498,0.0001232728592,0.000125681657,0.0001280491108,0.0001303625763,0.0001326125828,0.0001347927108,0.0001368993069,0.0001389309951,0.0001408880753,0.0001427719518,0.0001445847056,0.0001463288475,0.0001480072264,0.0001496230269,0.0001511797926,0.0001526814297,0.0001541321682,0.0001555364841,0.0001568989943,0.0001582243438,0.0001595171013,0.0001607816758,0.0001620222587,0.0001632427923,0.0001644469593,0.0001656381891,0.0001668196721,0.0001679943778,0.0001691650723,0.0001703343313,0.0001715045482,0.0001726779377,0.0001738565338,0.0001750421856,0.0001762365499,0.0001774410847,0.0001786570417,0.0001798854616,0.0001811271706,0.0001823827806,0.0001836526909,0.0001849370942,0.0001862359838,0.0001875491639,0.0001888762609,0.0001902167366,0.0001915699006,0.0001929349221,0.000194310838,0.000195696555,0.0001970908387,0.0001984922795,0.0001998992175,0.0002013095921,0.0002027206569,0.0002041284429,0.0002055267557,0.0002069052881,0.0002082459243,0.0002095157837,0.0002106501052,0.0002114809007
14.000000,3.84987858e-06,5.683599203e-06,6.94202646e-06,9.293185143e-06,1.193237002e-05,1.759602333e-05,2.263865472e-05,3.298447127e-05,4.259838178e-05,3.715600971e-05,2.560621822e-05,1.692097534e-05,1.794477671e-05,3.200799504e-05,4.647876925e-05,7.093185356e-05,9.138867584e-05,9.39456497e-05,9.1110364e-05,8.969391419e-05,8.888341845e-05,8.751024766e-05,8.463529063e-05,7.916755128e-05,6.890603498e-05,5.872587248e-05,7.200280626e-05,9.82047778e-05,0.0001099196526,0.0001108269624,0.0001120391655,0.0001133099039,0.0001144452649,0.0001155669288,0.0001167303567,0.0001179623939,0.000119293497,0.000120745724,0.0001223282062,0.000124039405,0.0001258686512,0.0001277978118,0.0001298041548,0.0001318635695,0.0001339531189,0.0001360525642,0.0001381449887,0.0001402168081,0.0001422574503,0.0001442589113,0.0001462153147,0.0001481225311,0.0001499778687,0.0001517798255,0.0001535278874,0.0001552223608,0.0001568642303,0.0001584550378,0.0001599967799,0.0001614918206,0.0001629428167,0.0001643526538,0.0001657243891,0.0001670612,0.000168366336,0.0001696430744,0.0001708946792,0.0001721243646,0.0001733352634,0.0001745304,0.0001757126706,0.0001768848275,0.0001780494684,0.0001792090299,0.0001803657835,0.0001815218339,0.0001826791177,0.0001838394037,0.0001850042918,0.0001861752132,0.0001873534299,0.0001885400339,0.000189735947,0.0001909419207,0.0001921585352,0.0001933861983,0.000194625141,0.0001958754086,0.0001971368394,0.0001984090222,0.0001996912111,0.0002009821623,0.0002022798276,0.000203580798,0.0002048792866,0.0002061652051,0.0002074205176,0.0002086128524,0.000209681919,0.0002104810727
14.500000,3.846689397e-06,5.92409422e-06,6.13159134e-06,7.455132964e-06,1.220981171e-05,1.554475443e-05,2.139242044e-05,2.528014426e-05,4.099966414e-05,5.502262026e-05,5.053157426e-05,4.323410513e-05,3.512159509e-05,2.390246164e-05,2.164657625e-05,3.570441371e-05,5.524992633e-05,7.944932458e-05,9.198768608e-05,9.073859586e-05,9.13807602e-05,9.226278831e-05,9.230019636e-05,9.101023502e-05,8.781244992e-05,8.06402306e-05,5.779345924e-05,7.376592656e-05,0.0001059877112,0.0001124326424,0.0001100994433,0.0001112098712,0.0001137126157,0.0001163089667,0.000118618959,0.000120580876,0.0001222649478,0.0001237686655,0.0001251740168,0.0001265402494,0.0001279076262,0.0001293023657,0.0001307407254,0.0001322320738,0.0001337810326,0.0001353887803,0.0001370537054,0.0001387717168,0.0001405365205,0.0001423400346,0.0001441729513,0.0001460253587,0.0001478873237,0.0001497493709,0.0001516028294,0.0001534400528,0.0001552545277,0.0001570408969,0.0001587949208,0.0001605133988,0.0001621940697,0.000163835504,0.0001654369966,0.0001669984665,0.0001685203648,0.0001700035925,0.000171449428,0.0001728594618,0.0001742355394,0.00017557971,0.0001768941803,0.0001781812728,0.0001794433887,0.0001806829738,0.0001819024883,0.0001831043793,0.0001842910569,0.0001854648734,0.0001866281046,0.0001877829346,0.0001889314429,0.0001900755935,0.0001912172259,0.0001923580476,0.0001934996267,0.000194643384,0.0001957905829,0.0001969423124,0.0001980994599,0.0001992626611,0.00020043221,0.0002016078935,0.0002027886888,0.0002039722097,0.0002051536962,0.0002063241806,0.0002074671936,0.0002085528488,0.0002095248943,0.0002102396319
15.000000,4.118579674e-06,5.192507104e-06,5.862638041e-06,8.970462878e-06,1.184238686e-05,1.536470201e-05,1.838312911e-05,2.415771408e-05,3.165875818e-05,4.790746811e-05,6.158950572e-05,5.927507127e-05,5.377120324e-05,4.766420827e-05,3.957075611e-05,2.931077636e-05,3.224759908e-05,4.084862651e-05,6.328377439e-05,8.740939561e-05,9.456534177e-05,9.358689066e-05,9.420273603e-05,9.430677883e-05,9.323085e-05,9.033236361e-05,8.392355448e-05,6.840333627e-05,6.43205323e-05,9.281469177e-05,0.0001183746875,0.0001223137954,0.0001205114999,0.0001204964664,0.0001208104615,0.0001213075068,0.0001221682071,0.0001234275858,0.0001249718714,0.000126660984,0.0001283973657,0.0001301291376,0.0001318312056,0.000133491411,0.0001351055954,0.0001366765247,0.0001382127683,0.0001397266009,0.0001412315149,0.0001427400903,0.0001442626036,0.000145806392,0.0001473757928,0.0001489724365,0.0001505957033,0.00015224322,0.0001539113261,0.0001555954812,0.0001572906094,0.0001589913836,0.0001606924581,0.0001623886554,0.0001640751126,0.0001657473906,0.0001674015503,0.0001690341985,0.0001706425092,0.0001722242226,0.0001737776283,0.0001753015359,0.0001767952374,0.000178258464,0.0001796913412,0.0001810943427,0.0001824682459,0.0001838140884,0.0001851331282,0.0001864268048,0.0001876967047,0.0001889445287,0.0001901720615,0.0001913811448,0.0001925736508,0.0001937514593,0.0001949164342,0.0001960704017,0.0001972151252,0.0001983522777,0.0001994834023,0.0002006098551,0.0002017327111,0.0002028526056,0.0002039694553,0.0002050819568,0.0002061866595,0.0002072762363,0.0002083363035,0.0002093394766,0.0002102335484,0.0002108962984
15.500000,3.349830482e-06,5.334475638e-06,6.840411928e-06,7.758889787e-06,1.02111105e-05,1.334676152e-05,1.64830196e-05,1.857941045e-05,2.554697891e-05,3.38085695e-05,5.004085958e-05,6.776832322e-05,7.135130242e-05,6.761310715e-05,6.359380062e-05,5.87972159e-05,5.200382347e-05,3.983177765e-05,3.664436481e-05,4.364631334e-05,7.713865815e-05,0.0001040662366,9.219320175e-05,9.067435075e-05,9.15656738e-05,9.21385015e-05,9.179647176e-05,9.020713236e-05,8.696536301e-05,8.723993796e-05,9.509615492e-05,0.0001033611773,0.0001089078509,0.0001132428093,0.0001167947191,0.000119734055,0.0001222796316,0.0001245674358,0.0001266461411,0.000128537474,0.0001302662781,0.0001318630579,0.0001333615863,0.0001347971303,0.0001362033384,0.0001376079325,0.0001390293783,0.0001404760993,0.000141948175,0.0001434404079,0.0001449455097,0.000146456578,0.0001479685595,0.0001494787785,0.0001509867925,0.0001524938687,0.0001540023223,0.0001555148784,0.0001570341449,0.0001585622288,0.0001601004992,0.0001616494763,0.0001632088228,0.0001647774113,0.0001663534391,0.0001679345708,0.0001695180885,0.0001711010389,0.0001726803655,0.000174253025,0.000175816083,0.0001773667897,0.0001789026385,0.0001804214073,0.0001819211848,0.0001834003856,0.0001848577542,0.0001862923611,0.0001877035913,0.0001890911288,0.000190454936,0.000191795231,0.0001931124625,0.0001944072831,0.0001956805218,0.0001969331547,0.0001981662727,0.0001993810452,0.0002005786731,0.0002017603254,0.0002029270409,0.0002040795695,0.0002052180985,0.0002063417687,0.0002074478012,0.0002085299168,0.000209575556,0.0002105610174,0.0002114385832,0.0002120813508
16.000000,3.517542794e-06,4.43529722e-06,6.361045833e-06,8.172284875e-06,9.024778953e-06,1.335330766e-05,1.694662773e-05,1.520062559e-05,2.056782955e-05,2.957225072e-05,3.843507019e-05,5.346089631e-05,7.062802928e-05,7.740740665e-05,7.584848066e-05,7.349115453e-05,7.054166221e-05,6.648943976e-05,5.956243426e-05,4.285154071e-05,4.751318245e-05,6.57624462e-05,8.496950511e-05,9.554529284e-05,9.627390855e-05,9.71148377e-05,9.816472351e-05,9.924754417e-05,0.0001002898548,0.000101310566,0.0001023944813,0.0001036231208,0.000105052809,0.0001067242521,0.0001086678783,0.000110897523,0.0001134006247,0.0001161333392,0.0001190242063,0.0001219852688,0.0001249266565,0.0001277701171,0.0001304582542,0.000132958208,0.000135260279,0.0001373731042,0.0001393173581,0.0001411197006,0.0001428080498,0.0001444085451,0.0001459440118,0.0001474334717,0.0001488922327,0.0001503322227,0.0001517623927,0.0001531891329,0.0001546166969,0.00015604764,0.0001574832609,0.0001589240203,0.0001603699061,0.000161820717,0.0001632762529,0.0001647364106,0.0001662012008,0.0001676707065,0.0001691450077,0.0001706240954,0.0001721077916,0.0001735956885,0.0001750871124,0.0001765811131,0.0001780764767,0.0001795717577,0.000181065324,0.0001825554103,0.0001840401741,0.0001855177519,0.0001869863104,0.0001884440933,0.0001898894597,0.0001913209164,0.0001927371415,0.0001941370011,0.0001955195583,0.0001968840752,0.0001982300069,0.0001995569858,0.0002008647931,0.0002021533094,0.0002034224302,0.0002046719181,0.0002059011411,0.0002071086029,0.0002082910997,0.0002094421511,0.0002105489068,0.0002115860235,0.0002125031803,0.0002131841182
16.500000,3.316316267e-06,4.682232939e-06,6.342457278e-06,8.102386369e-06,8.693941236e-06,1.229535023e-05,1.505611376e-05,1.344973669e-05,1.764656607e-05,2.388591454e-05,3.637126411e-05,4.39957631e-05,6.341811183e-05,8.113659992e-05,8.006934732e-05,7.792621136e-05,7.646314704e-05,7.495865591e-05,7.247416503e-05,6.731674653e-05,5.516262846e-05,5.114292051e-05,7.366632304e-05,9.349747083e-05,9.726128911e-05,9.708662957e-05,9.753210743e-05,9.860604843e-05,0.0001001672885,0.0001020780864,0.0001041392908,0.0001061688033,0.000108074886,0.0001098475461,0.0001115207788,0.0001131438943,0.0001147662586,0.0001164301225,0.0001181674864,0.0001199990502,0.0001219343706,0.0001239727949,0.0001261049172,0.0001283143701,0.0001305798008,0.0001328769011,0.0001351803799,0.0001374657722,0.0001397109898,0.0001418975329,0.0001440113031,0.0001460429951,0.0001479880774,0.0001498464141,0.0001516216061,0.0001533201543,0.0001549505496,0.0001565223867,0.0001580455807,0.0001595297352,0.0001609836853,0.0001624152115,0.0001638309059,0.0001652361573,0.0001666352225,0.0001680313509,0.0001694269353,0.0001708236677,0.0001722226861,0.0001736247025,0.0001750301078,0.0001764390525,0.0001778515035,0.0001792672818,0.0001806860836,0.00018210749,0.0001835309697,0.0001849558794,0.0001863814631,0.0001878068556,0.000189231089,0.000190653104,0.0001920717652,0.0001934858803,0.0001948942199,0.0001962955387,0.0001976885927,0.0001990721505,0.0002004449917,0.0002018058837,0.0002031535181,0.0002044863775,0.0002058024772,0.0002070988807,0.000208370791,0.000209609825,0.0002108007578,0.0002119152149,0.0002128986559,0.0002136272961
17.000000,3.0493165e-06,5.276126511e-06,6.700691849e-06,8.680471932e-06,1.872864384e-05,2.460164413e-05,2.116309609e-05,1.22786605e-05,1.073956933e-05,1.666958102e-05,2.053779809e-05,3.086273727e-05,3.893801797e-05,6.289852252e-05,8.590498019e-05,8.687520111e-05,8.555314221e-05,8.375230142e-05,8.146986575e-05,7.8068804e-05,7.184042619e-05,5.945424403e-05,4.933998807e-05,7.410023982e-05,0.0001012782907,0.0001048311996,0.0001046765374,0.0001044589562,0.0001045547558,0.0001051132479,0.0001061602811,0.0001075610657,0.0001091525684,0.0001108153705,0.0001124910968,0.0001141649728,0.0001158403275,0.000117522559,0.0001192141108,0.0001209152421,0.0001226262038,0.0001243488206,0.000126086985,0.0001278462046,0.0001296325595,0.0001314514644,0.0001333065673,0.0001351989957,0.0001371270286,0.0001390861661,0.0001410695069,0.0001430683214,0.0001450727186,0.0001470723234,0.0001490569085,0.0001510169408,0.000152944023,0.000154831219,0.0001566732608,0.0001584666414,0.0001602096032,0.000161902035,0.0001635452943,0.0001651419747,0.0001666956401,0.0001682105442,0.0001696913567,0.0001711429105,0.0001725699842,0.0001739771247,0.0001753685163,0.0001767478935,0.000178118494,0.0001794830461,0.0001808437818,0.0001822024701,0.0001835604606,0.0001849187336,0.0001862779502,0.0001876385005,0.0001890005453,0.0001903640536,0.0001917288318,0.0001930945486,0.0001944607525,0.0001958268852,0.0001971922881,0.0001985562026,0.0001999177571,0.0002012759348,0.000202629504,0.0002039768811,0.0002053158684,0.00020664316,0.0002079534245,0.0002092376077,0.0002104795961,0.0002116492256,0.000212686982,0.0002134518889
17.500000,4.751646099e-06,5.560518027e-06,7.398724589e-06,1.562818485e-05,1.88257057e-05,2.678105251e-05,3.61122646e-05,3.18660685e-05,2.398172026e-05,1.447651908e-05,1.365885635e-05,1.977752466e-05,2.515188649e-05,3.662579274e-05,4.504905876e-05,7.080734063e-05,9.510834054e-05,9.073749782e-05,8.749626783e-05,8.535192941e-05,8.224846929e-05,7.49977356e-05,4.857175069e-05,5.811618304e-05,8.549031293e-05,0.0001081216346,0.0001104928944,0.0001078164234,0.0001085220813,0.0001094283037,0.0001104297612,0.0001115183918,0.0001126785014,0.0001139144842,0.0001152269777,0.0001165992904,0.0001180079212,0.0001194369284,0.0001208827038,0.0001223498605,0.0001238446568,0.0001253706386,0.0001269275839,0.0001285126195,0.0001301219666,0.0001317523103,0.0001334014611,0.0001350684168,0.000136753075,0.0001384558225,0.0001401771374,0.0001419172619,0.0001436759562,0.0001454523285,0.0001472447334,0.0001490507364,0.0001508671397,0.0001526900666,0.0001545150956,0.0001563374324,0.0001581521058,0.0001599541706,0.0001617389053,0.0001635019902,0.0001652396577,0.0001669488076,0.0001686270851,0.0001702729195,0.0001718855266,0.0001734648773,0.0001750116373,0.0001765270846,0.0001780130098,0.0001794716069,0.0001809053599,0.0001823169321,0.0001837090624,0.0001850844719,0.000186445785,0.0001877954653,0.0001891357673,0.0001904687031,0.0001917960228,0.0001931192069,0.0001944394663,0.0001957577499,0.0001970747526,0.0001983909219,0.000199706453,0.0002010212645,0.0002023349322,0.0002036465485,0.0002049544432,0.0002062556559,0.0002075449669,0.0002088131307,0.0002100435521,0.0002112056598,0.000212240256,0.0002129951456
18.000000,4.093009251e-06,6.144811313e-06,8.757518483e-06,1.181533846e-05,1.418935898e-05,2.083411047e-05,2.558517873e-05,4.098078903e-05,5.470701622e-05,4.418124149e-05,3.423547147e-05,2.700684393e-05,1.823337026e-05,1.609886201e-05,2.614068456e-05,3.609228117e-05,5.371627776e-05,8.205000101e-05,9.413708225e-05,9.013277949e-05,8.81339863e-05,8.506230784e-05,7.708503828e-05,5.161362653e-05,5.412903697e-05,8.471549015e-05,0.0001126933806,0.0001202537813,0.0001157233912,0.0001148274142,0.0001152256865,0.0001159591996,0.0001168070751,0.0001177582581,0.0001188190332,0.0001199758471,0.0001211980465,0.0001224553523,0.0001237295264,0.0001250148772,0.0001263133288,0.000127629482,0.0001289676093,0.0001303304497,0.0001317191158,0.0001331335043,0.0001345728133,0.0001360359606,0.000137521835,0.0001390293984,0.0001405576932,0.0001421058099,0.000143672852,0.000145257915,0.0001468600747,0.000148478377,0.0001501118177,0.0001517593108,0.0001534196457,0.0001550914401,0.0001567730987,0.0001584627833,0.0001601584012,0.0001618576131,0.0001635578624,0.0001652564212,0.0001669504515,0.0001686370762,0.0001703134559,0.000171976866,0.0001736247712,0.0001752548923,0.0001768652637,0.0001784542779,0.000180020717,0.0001815637694,0.0001830830318,0.0001845784978,0.0001860505344,0.0001874998472,0.0001889274375,0.0001903345528,0.0001917226335,0.0001930932578,0.0001944480856,0.0001957888045,0.0001971170758,0.0001984344807,0.0001997424619,0.0002010422522,0.0002023347744,0.0002036204799,0.0002048990687,0.0002061689805,0.0002074264733,0.0002086639392,0.0002098667477,0.0002110073129,0.000212030462,0.0002127643128
18.500000,4.313524655e-06,7.123619604e-06,8.375158239e-06,1.131955643e-05,1.365136229e-05,1.947099651e-05,2.400037786e-05,3.808729661e-05,5.250106584e-05,5.282411366e-05,4.960611277e-05,4.619585619e-05,4.17865077e-05,3.535842002e-05,2.468009967e-05,2.233986214e-05,3.159653209e-05,4.19500442e-05,6.273803791e-05,8.487801159e-05,9.149893773e-05,8.929489482e-05,8.586659209e-05,7.903711128e-05,5.342465186e-05,6.669478077e-05,9.792134385e-05,0.0001190434219,0.0001145964894,0.0001104901689,0.0001118516943,0.0001142242069,0.0001166449451,0.0001189163896,0.0001209937338,0.0001228582298,0.0001245109724,0.000125977734,0.0001273012961,0.0001285289829,0.0001297032606,0.0001308572208,0.0001320137421,0.0001331867259,0.0001343832303,0.000135605748,0.000136854175,0.0001381272605,0.0001394235119,0.0001407416479,0.0001420807369,0.000143440155,0.0001448194685,0.0001462183094,0.0001476362812,0.0001490729039,0.0001505275941,0.000151999668,0.0001534883539,0.0001549928051,0.0001565121098,0.0001580452926,0.0001595913124,0.0001611490551,0.0001627173247,0.0001642948354,0.0001658802043,0.000167471948,0.000169068483,0.0001706681315,0.000172269132,0.0001738696557,0.0001754678277,0.0001770617533,0.0001786495474,0.0001802293667,0.000181799443,0.0001833581159,0.0001849038645,0.0001864353351,0.0001879513658,0.0001894510051,0.000190933525,0.000192398427,0.0001938454411,0.0001952745167,0.0001966858042,0.0001980796246,0.0001994564229,0.0002008166956,0.0002021608767,0.0002034891478,0.0002048011156,0.0002060952425,0.0002073678305,0.0002086112232,0.0002098106154,0.0002109379731,0.000211938131,0.000212674447
19.000000,3.943112768e-06,5.59516377e-06,7.174833538e-06,9.748738493e-06,1.305423889e-05,1.529175904e-05,1.849406345e-05,3.059343993e-05,4.775438907e-05,6.176460849e-05,6.43017367e-05,5.98032703e-05,5.61977422e-05,5.295294599e-05,4.915514954e-05,4.343198558e-05,3.172680636e-05,3.494540052e-05,4.96416132e-05,6.733279587e-05,7.554744032e-05,7.549069915e-05,7.61106273e-05,7.591713166e-05,7.16549726e-05,5.54364763e-05,7.356505141e-05,0.0001029334076,0.0001090405503,0.0001091877687,0.0001115003118,0.0001144664247,0.0001171496792,0.0001193844599,0.0001212881789,0.000123000639,0.0001246205122,0.0001262042326,0.0001277778001,0.0001293481066,0.0001309107781,0.0001324552704,0.0001339688461,0.0001354401168,0.0001368617763,0.0001382319619,0.0001395541289,0.0001408358253,0.0001420869717,0.0001433181875,0.000144539492,0.0001457594933,0.0001469850253,0.0001482211257,0.0001494712283,0.0001507374611,0.000152020967,0.0001533221969,0.000154641147,0.0001559775337,0.0001573309098,0.0001587007346,0.0001600864104,0.0001614872969,0.0001629027135,0.0001643319361,0.0001657741917,0.0001672286541,0.0001686944403,0.000170170608,0.0001716561549,0.0001731500186,0.0001746510777,0.0001761581541,0.0001776700163,0.0001791853845,0.0001807029374,0.000182221321,0.0001837391589,0.0001852550645,0.0001867676552,0.0001882755673,0.0001897774716,0.0001912720888,0.0001927582049,0.0001942346823,0.0001957004685,0.0001971545957,0.0001985961677,0.0002000243236,0.0002014381608,0.0002028365844,0.0002042180217,0.0002055798854,0.0002069175637,0.0002082225574,0.0002094791728,0.0002106582995,0.00021170299,0.0002124727698
19.500000,4.234341574e-06,6.015901122e-06,7.524912413e-06,9.382876718e-06,1.164255236e-05,1.46501231e-05,1.684709146e-05,1.92968513e-05,3.311516014e-05,5.096206752e-05,6.725944288e-05,7.185925961e-05,6.787088554e-05,6.536493911e-05,6.276198438e-05,5.893931551e-05,5.28865445e-05,4.041736125e-05,3.742873871e-05,5.602527361e-05,7.741767724e-05,8.419198061e-05,7.979798708e-05,7.664451588e-05,7.078262167e-05,4.922349369e-05,5.415691159e-05,8.558408647e-05,0.0001053994342,0.0001089690643,0.0001089388394,0.0001105762966,0.0001129217077,0.0001153083482,0.0001175948997,0.0001198183121,0.0001220277065,0.0001242340334,0.0001264147909,0.0001285355208,0.0001305678362,0.0001324971391,0.0001343220644,0.0001360503686,0.0001376945268,0.0001392682959,0.000140784441,0.0001422534994,0.0001436833937,0.0001450796652,0.0001464460734,0.0001477853219,0.0001490997254,0.0001503917075,0.0001516640876,0.0001529201697,0.0001541636753,0.0001553985778,0.0001566288918,0.0001578584644,0.0001590907999,0.0001603289358,0.0001615753761,0.0001628320755,0.0001641004655,0.000165381508,0.0001666757635,0.0001679834632,0.0001693045778,0.0001706388757,0.0001719859724,0.0001733453669,0.0001747164685,0.0001760986163,0.0001774910905,0.000178893121,0.0001803038917,0.0001817225446,0.0001831481815,0.0001845798671,0.0001860166315,0.0001874574732,0.0001889013635,0.0001903472493,0.0001917940582,0.0001932407,0.0001946860669,0.0001961290276,0.0001975684085,0.0001990029539,0.000200431244,0.0002018515366,0.0002032614655,0.0002046574767,0.0002060337756,0.0002073803724,0.000208679468,0.0002098988819,0.0002109784077,0.0002117740513
20.000000,3.443667404e-06,5.922990524e-06,6.88520722e-06,7.965912193e-06,1.252223123e-05,1.486098806e-05,1.90282274e-05,2.359217393e-05,3.139130102e-05,4.21095075e-05,5.918806441e-05,6.916753047e-05,6.817656277e-05,6.841620861e-05,6.857215633e-05,6.783079933e-05,6.541848477e-05,5.956654241e-05,4.101423214e-05,4.58246475e-05,6.891299364e-05,8.416387041e-05,8.51755072e-05,8.245706649e-05,7.948911164e-05,7.422164438e-05,5.540857444e-05,5.980130995e-05,9.057132791e-05,0.0001124527389,0.0001071905105,0.0001052440988,0.0001070778181,0.000109630044,0.0001124433894,0.0001153100219,0.0001181095639,0.000120786724,0.0001233272248,0.0001257373688,0.0001280322427,0.0001302286767,0.0001323412912,0.0001343810132,0.000136355136,0.0001382680289,0.0001401220015,0.0001419181374,0.0001436570408,0.0001453394464,0.0001469666502,0.0001485407382,0.0001500646208,0.0001515419129,0.0001529767203,0.0001543733939,0.0001557363054,0.0001570696793,0.0001583774928,0.0001596634398,0.0001609309419,0.0001621831848,0.0001634231627,0.0001646537145,0.0001658775441,0.0001670972232,0.0001683151779,0.0001695336648,0.0001707547427,0.000171980245,0.0001732117582,0.0001744506087,0.0001756978596,0.0001769543166,0.0001782205421,0.0001794968748,0.0001807834538,0.0001820802434,0.0001833870582,0.0001847035862,0.0001860294098,0.0001873640234,0.000188706848,0.0001900572422,0.0001914145097,0.0001927779032,0.0001941466223,0.0001955198036,0.0001968964969,0.0001982756172,0.0001996558518,0.0002010354873,0.0002024120902,0.0002037819227,0.0002051388721,0.0002064724501,0.0002077639961,0.0002089796058,0.0002100560401,0.000210851968
20.500000,2.614447868e-06,5.570395467e-06,7.959688811e-06,9.238640033e-06,9.921009389e-06,1.217140977e-05,1.526390143e-05,1.99262786e-05,2.538304445e-05,3.411207123e-05,5.01679724e-05,6.862088517e-05,7.614324861e-05,7.396628359e-05,7.335684692e-05,7.248461501e-05,7.027385495e-05,6.602380182e-05,5.781002711e-05,4.757377084e-05,6.252099707e-05,8.431786993e-05,8.917576818e-05,8.655693706e-05,8.544808696e-05,8.433615916e-05,8.320237432e-05,8.2085718e-05,8.252753832e-05,8.635442522e-05,9.196351884e-05,9.759507994e-05,0.0001026145278,0.000106829807,0.0001103136487,0.0001132462298,0.0001158118267,0.0001181581769,0.0001203874211,0.0001225646187,0.0001247294116,0.0001269025542,0.0001290890842,0.0001312819811,0.0001334671578,0.0001356284844,0.0001377515177,0.0001398254666,0.0001418436456,0.0001438029665,0.0001457030094,0.0001475450558,0.0001493312949,0.0001510642743,0.0001527465833,0.0001543807157,0.0001559690516,0.0001575139013,0.0001590175722,0.0001604824294,0.0001619109379,0.00016330568,0.0001646693497,0.0001660047295,0.0001673146554,0.0001686019777,0.000169869521,0.0001711200495,0.0001723562372,0.0001735806461,0.000174795709,0.0001760037179,0.0001772068155,0.0001784069891,0.0001796060646,0.0001808057026,0.0001820073936,0.0001832124556,0.0001844220315,0.0001856370893,0.0001868584239,0.0001880866608,0.0001893222622,0.0001905655342,0.0001918166347,0.0001930755804,0.0001943422505,0.0001956163835,0.000196897561,0.0001981851666,0.0001994783012,0.0002007756181,0.0002020750125,0.0002033730444,0.000204663868,0.0002059372388,0.0002071748574,0.0002083438875,0.0002093835819,0.0002101537204
21.000000,3.646967728e-06,5.487609423e-06,7.04058917e-06,8.432672611e-06,1.005334341e-05,1.437841573e-05,1.594761439e-05,1.8138079e-05,2.285971147e-05,3.032124667e-05,3.868254762e-05,5.402742717e-05,7.127982689e-05,7.613070082e-05,7.646203802e-05,7.708560725e-05,7.695201899e-05,7.532207845e-05,7.026984741e-05,5.769673474e-05,6.879200242e-05,8.776698408e-05,8.999954907e-05,8.864536455e-05,8.892959588e-05,8.992735857e-05,9.118406536e-05,9.24905107e-05,9.378576152e-05,9.507463256e-05,9.639910267e-05,9.782541088e-05,9.942566661e-05,0.0001012600647,0.0001033638404,0.0001057399052,0.0001083579884,0.0001111604651,0.0001140733408,0.0001170193373,0.0001199297248,0.0001227524646,0.0001254557084,0.0001280270413,0.0001304697016,0.0001327973202,0.0001350285839,0.0001371828181,0.0001392769761,0.0001413240721,0.0001433327993,0.0001453079453,0.0001472512289,0.0001491622622,0.0001510394469,0.0001528807057,0.0001546840123,0.0001564477302,0.0001581707886,0.0001598527344,0.0001614937026,0.000163094338,0.0001646556995,0.0001661791636,0.0001676663419,0.0001691190149,0.0001705390845,0.0001719285399,0.0001732894351,0.0001746238719,0.0001759339869,0.000177221938,0.0001784898906,0.0001797400033,0.0001809744115,0.0001821952112,0.0001834044424,0.0001846040743,0.0001857959907,0.0001869819777,0.0001881637129,0.0001893427564,0.0001905205431,0.0001916983768,0.0001928774241,0.0001940587078,0.0001952430985,0.0001964312998,0.0001976238222,0.0001988209345,0.0002000225738,0.0002012281792,0.0002024363874,0.0002036444748,0.0002048473357,0.0002060356023,0.0002071921495,0.0002082854194,0.000209256534,0.0002099788152
21.500000,5.107013084e-06,7.693659178e-06,1.163762371e-05,1.437288485e-05,8.133163349e-06,8.002785408e-06,9.891443914e-06,1.38116021e-05,1.87729176e-05,2.113014476e-05,2.708121447e-05,3.97404523e-05,6.097297256e-05,8.144493229e-05,8.704987077e-05,8.534967474e-05,8.384607027e-05,8.298721818e-05,8.26750209e-05,8.281855674e-05,8.329118997e-05,8.39929682e-05,8.494816476e-05,8.626935067e-05,8.802599965e-05,9.015273016e-05,9.246843761e-05,9.476440572e-05,9.688542793e-05,9.876550172e-05,0.0001004201546,0.0001019148859,0.0001033302835,0.0001047374561,0.0001061878133,0.0001077137117,0.0001093338067,0.0001110583205,0.000112892188,0.0001148361394,0.0001168866395,0.0001190356038,0.0001212704595,0.0001235747564,0.0001259292742,0.0001283134408,0.0001307068309,0.0001330905384,0.0001354482662,0.0001377670422,0.0001400375336,0.0001422539867,0.000144413857,0.000146517222,0.00014856608,0.0001505636306,0.0001525136199,0.0001544198067,0.0001562855802,0.000158113734,0.0001599063784,0.0001616649647,0.0001633903835,0.0001650831048,0.0001667433305,0.0001683711376,0.0001699665992,0.0001715298758,0.000173061278,0.0001745613008,0.000176030637,0.0001774701735,0.0001788809763,0.0001802642698,0.000181621412,0.0001829538703,0.0001842631978,0.0001855510114,0.0001868189722,0.0001880687676,0.0001893020952,0.0001905206478,0.0001917260989,0.0001929200892,0.0001941042121,0.0001952799984,0.000196448898,0.0001976122562,0.0001987712785,0.0001999269754,0.0002010800699,0.0002022308377,0.000203378827,0.0002045223564,0.0002056575952,0.0002067768781,0.0002078656886,0.0002088967516,0.0002098167131,0.0002104961664
22.000000,6.203778508e-06,9.9550102e-06,1.516492514e-05,2.121208911e-05,2.180487269e-05,1.729587723e-05,1.20825793e-05,8.262539601e-06,1.071558126e-05,1.356598223e-05,1.889561112e-05,2.280030258e-05,3.660490135e-05,4.875535145e-05,6.769823451e-05,9.130960965e-05,9.771878189e-05,9.461945004e-05,9.330183704e-05,9.321724824e-05,9.353554906e-05,9.388041822e-05,9.420341065e-05,9.457861141e-05,9.508102308e-05,9.575210924e-05,9.660509666e-05,9.763696137e-05,9.883562229e-05,0.0001001823864,0.0001016528025,0.000103218104,0.0001048477312,0.0001065124757,0.0001081875609,0.0001098550612,0.0001115052482,0.0001131366807,0.0001147551089,0.0001163714985,0.0001179996239,0.0001196537001,0.0001213464304,0.0001230876749,0.000124883772,0.0001267374136,0.0001286479109,0.0001306116851,0.0001326228544,0.0001346738328,0.0001367558982,0.0001388597116,0.0001409757812,0.0001430948663,0.0001452083178,0.0001473083472,0.0001493882206,0.0001514423742,0.000153466453,0.0001554572803,0.0001574127662,0.000159331773,0.0001612139492,0.0001630595516,0.0001648692688,0.0001666440589,0.0001683850118,0.0001700932404,0.0001717698039,0.0001734156613,0.0001750316527,0.000176618502,0.0001781768359,0.0001797072129,0.000181210157,0.0001826861908,0.0001841358667,0.0001855597918,0.0001869586459,0.0001883331942,0.0001896842917,0.0001910128834,0.000192319999,0.0001936067435,0.0001948742849,0.000196123838,0.0001973566446,0.0001985739471,0.000199776952,0.0002009667735,0.0002021443427,0.0002033102525,0.0002044644875,0.0002056059452,0.0002067315687,0.0002078347654,0.0002089025978,0.0002099105034,0.00021081037,0.0002114741759
22.500000,4.988765597e-06,7.501987951e-06,8.339911265e-06,1.167742345e-05,2.295112653e-05,3.395480002e-05,4.026391006e-05,3.216855622e-05,2.169969882e-05,1.237809167e-05,1.164240563e-05,1.28762815e-05,1.907182627e-05,2.615442288e-05,4.000712491e-05,5.371047432e-05,8.067362854e-05,0.0001013864553,0.0001006265701,9.904005313e-05,9.876961483e-05,9.943610755e-05,0.0001004185834,0.000101447244,0.0001024218998,0.0001033025329,0.000104089411,0.0001048137525,0.0001055212273,0.0001062560075,0.0001070519381,0.0001079305697,0.0001089028048,0.0001099714508,0.0001111334619,0.0001123816799,0.0001137062479,0.0001150958552,0.0001165388615,0.0001180242697,0.0001195424991,0.0001210859239,0.000122649162,0.0001242291229,0.000125824839,0.0001274371212,0.0001290680892,0.0001307206363,0.0001323978881,0.0001341027084,0.0001358372952,0.0001376028908,0.0001393996163,0.0001412264239,0.0001430811501,0.0001449606458,0.000146860958,0.0001487775392,0.0001507054641,0.000152639637,0.0001545749801,0.0001565065959,0.0001584298983,0.0001603407129,0.0001622353471,0.0001641106297,0.0001659639257,0.000167793127,0.0001695966248,0.0001713732669,0.0001731223044,0.0001748433324,0.0001765362287,0.0001782010938,0.0001798381954,0.00018144792,0.0001830307317,0.0001845871417,0.0001861176847,0.0001876229052,0.0001891033503,0.0001905595686,0.0001919921127,0.0001934015451,0.0001947884438,0.0001961534075,0.000197497056,0.0001988200252,0.0002001229494,0.0002014064237,0.0002026709316,0.0002039167081,0.0002051434894,0.000206350059,0.0002075334364,0.0002086873558,0.0002097992655,0.0002108442567,0.0002117713044,0.0002124578817
23.000000,3.22179306e-06,6.006619427e-06,1.009285639e-05,1.129901704e-05,1.725884226e-05,2.426919295e-05,3.635227488e-05,4.803931257e-05,4.698766928e-05,4.058907756e-05,3.395446029e-05,2.633101169e-05,1.530300834e-05,1.264546096e-05,2.219570881e-05,3.174689756e-05,4.12767066e-05,5.407072678e-05,8.202642574e-05,0.000105862067,0.0001042899238,0.0001022562472,0.0001034427216,0.0001048302606,0.0001062057344,0.0001075492449,0.0001088226522,0.0001099966308,0.0001110675384,0.0001120522134,0.0001129760461,0.0001138639412,0.000114736439,0.0001156094902,0.0001164957662,0.0001174059997,0.0001183496669,0.0001193349751,0.0001203684636,0.00012145458,0.0001225954692,0.0001237910544,0.0001250393696,0.0001263370457,0.0001276798478,0.0001290631834,0.0001304825315,0.0001319337669,0.0001334133749,0.0001349185638,0.000136447286,0.0001379981865,0.0001395704939,0.0001411638755,0.0001427782712,0.0001444137246,0.0001460702245,0.0001477475688,0.0001494452572,0.0001511624186,0.0001528977732,0.0001546496277,0.0001564158995,0.0001581941646,0.000159981722,0.0001617756696,0.0001635729841,0.0001653706008,0.0001671654887,0.0001689547173,0.000170735514,0.0001725053096,0.0001742617723,0.0001760028304,0.000177726684,0.000179431807,0.000181116941,0.0001827810822,0.0001844234629,0.0001860435295,0.0001876409187,0.0001892154314,0.0001907670084,0.0001922957058,0.0001938016723,0.0001952851272,0.000196746339,0.0001981856008,0.0001996031994,0.0002009993681,0.0002023742071,0.0002037275424,0.0002050586676,0.0002063658749,0.000207645588,0.0002088907107,0.0002100874662,0.0002112092954,0.0002122037124,0.000212930997
23.500000,3.041509827e-06,5.899740048e-06,8.672797232e-06,9.158753191e-06,1.551438263e-05,2.072426196e-05,2.691590732e-05,3.853306978e-05,5.320397071e-05,5.844751206e-05,5.333584605e-05,4.805977252e-05,4.243687379e-05,3.57039412e-05,2.770428048e-05,1.858287286e-05,2.047669288e-05,2.701192772e-05,3.7329319e-05,5.221509955e-05,8.226972097e-05,0.0001076152868,0.0001108945771,0.0001089450512,0.0001092458696,0.0001107689183,0.0001123850404,0.0001137809613,0.0001149775005,0.0001160627962,0.0001171111006,0.0001181605865,0.0001192179486,0.0001202736234,0.0001213153589,0.0001223353782,0.0001233320955,0.0001243090351,0.0001252729795,0.000126232306,0.0001271957698,0.0001281716956,0.000129167479,0.0001301893124,0.0001312420692,0.0001323293002,0.0001334533058,0.0001346152563,0.0001358153447,0.0001370529573,0.0001383268538,0.0001396353472,0.0001409764756,0.000142348155,0.0001437483084,0.0001451749644,0.0001466263237,0.0001481007934,0.0001495969933,0.0001511137381,0.0001526500006,0.0001542048645,0.0001557774697,0.0001573669584,0.0001589724247,0.0001605928718,0.0001622271794,0.0001638740824,0.0001655321607,0.0001671998406,0.0001688754063,0.000170557019,0.000172242743,0.0001739305759,0.0001756184815,0.000177304423,0.0001789863954,0.0001806624555,0.0001823307486,0.0001839895307,0.0001856371873,0.0001872722459,0.0001888933849,0.0001904994367,0.0001920893871,0.0001936623678,0.0001952176447,0.0001967545961,0.000198272679,0.0001997713727,0.000201250083,0.0002027079724,0.0002041436563,0.0002055546523,0.0002069363923,0.0002082804684,0.0002095714697,0.0002107809943,0.0002118527372,0.000212644805
24.000000,4.066372524e-06,6.300356301e-06,6.525577251e-06,9.785231346e-06,1.279601839e-05,1.526953774e-05,1.727437451e-05,2.786046003e-05,3.800914852e-05,5.317974787e-05,6.988110503e-05,6.851020051e-05,6.19906249e-05,5.806020276e-05,5.365165514e-05,4.819289936e-05,4.157815183e-05,3.374521956e-05,2.42567022e-05,2.291179992e-05,3.879809381e-05,5.323381165e-05,7.855961965e-05,0.0001033538373,0.000109126798,0.0001098784158,0.000111505396,0.0001134440724,0.000115486253,0.0001174460453,0.0001192360052,0.0001208569965,0.0001223389714,0.0001237104559,0.0001249927887,0.0001262023548,0.0001273529422,0.0001284566058,0.0001295237069,0.0001305629077,0.0001315813451,0.0001325849044,0.0001335785206,0.000134566484,0.0001355527298,0.0001365410724,0.0001375353388,0.0001385393884,0.0001395570329,0.0001405918996,0.000141647279,0.000142725995,0.0001438303158,0.0001449619135,0.0001461218676,0.0001473107045,0.0001485284617,0.0001497747658,0.0001510489175,0.0001523499732,0.0001536768225,0.0001550282539,0.0001564030098,0.000157799828,0.000159217471,0.0001606547428,0.0001621104951,0.0001635836257,0.0001650730687,0.0001665777813,0.0001680967274,0.0001696288608,0.0001711731096,0.0001727283623,0.0001742934579,0.0001758671788,0.0001774482494,0.0001790353365,0.0001806270559,0.0001822219801,0.00018381865,0.0001854155878,0.0001870113109,0.0001886043463,0.0001901932429,0.0001917765823,0.0001933529842,0.0001949211042,0.0001964796178,0.0001980271796,0.0001995623394,0.00020108338,0.0002025880106,0.0002040727947,0.0002055320847,0.0002069560451,0.000208326959,0.0002096122894,0.000210750761,0.0002115897051
24.500000,3.310138611e-06,5.175887718e-06,5.748951956e-06,7.22772718e-06,8.743322517e-06,1.539383361e-05,1.753978373e-05,2.100248271e-05,2.901742767e-05,3.471653041e-05,5.222684527e-05,7.302984129e-05,7.704719404e-05,7.367093304e-05,7.176907163e-05,6.901486114e-05,6.517048356e-05,6.014574526e-05,5.376160513e-05,4.527861126e-05,3.007355521e-05,3.085208841e-05,4.278032932e-05,5.951326971e-05,8.755715226e-05,0.0001024301839,0.0001030239638,0.0001059925858,0.0001095542185,0.0001128446129,0.0001157599049,0.0001183751543,0.0001207671283,0.0001229824466,0.0001250433312,0.000126958955,0.0001287356282,0.0001303824235,0.0001319120334,0.0001333390882,0.000134678198,0.0001359427939,0.0001371447972,0.0001382947354,0.0001394019636,0.000140474838,0.0001415208215,0.0001425465578,0.0001435579443,0.0001445602134,0.0001455580203,0.0001465555265,0.0001475564721,0.0001485642303,0.0001495818445,0.0001506120474,0.0001516572673,0.0001527196241,0.0001538009211,0.0001549026381,0.0001560259274,0.0001571716184,0.0001583402293,0.0001595319877,0.0001607468586,0.0001619845768,0.0001632446827,0.0001645265585,0.000165829463,0.0001671525633,0.0001684949621,0.0001698557201,0.0001712338732,0.0001726284448,0.0001740384535,0.0001754629167,0.0001769008512,0.0001783512716,0.0001798131866,0.0001812855955,0.0001827674835,0.0001842578177,0.0001857555443,0.0001872595851,0.000188768836,0.0001902821632,0.0001917983985,0.0001933163281,0.0001948346703,0.0001963520297,0.0001978668092,0.0001993770398,0.0002008800602,0.0002023719168,0.0002038462515,0.0002052922639,0.0002066910413,0.0002080085369,0.0002091792726,0.0002100299245
25.000000,4.015553879e-06,6.53001405e-06,6.877712953e-06,1.082454558e-05,1.514188686e-05,2.06117114e-05,2.446704725e-05,1.647076308e-05,1.770881185e-05,2.214259736e-05,3.5837173e-05,5.126805528e-05,6.863948493e-05,7.911500032e-05,7.842210841e-05,7.80090928e-05,7.725535377e-05,7.555847412e-05,7.262947961e-05,6.826782863e-05,6.223220363e-05,5.36571353e-05,4.025276935e-05,4.361151301e-05,6.097919041e-05,8.12449701e-05,9.269020815e-05,9.637080749e-05,0.0001002097313,0.0001042555092,0.0001080355797,0.0001114474047,0.0001145766094,0.0001175111956,0.0001202965219,0.0001229485203,0.0001254710068,0.0001278643382,0.0001301282015,0.0001322627533,0.0001342696452,0.0001361527921,0.0001379185175,0.0001395750798,0.0001411318873,0.000142598749,0.0001439853545,0.0001453010071,0.0001465545303,0.0001477542539,0.0001489080155,0.000150023154,0.0001511064945,0.0001521643351,0.0001532024441,0.0001542260691,0.0001552399577,0.0001562483861,0.0001572551902,0.0001582637978,0.0001592772582,0.0001602982685,0.0001613291967,0.0001623721014,0.0001634287478,0.0001645006234,0.0001655889503,0.0001666946994,0.0001678186037,0.0001689611726,0.0001701227084,0.0001713033236,0.0001725029589,0.0001737214028,0.0001749583114,0.0001762132269,0.0001774855967,0.0001787747903,0.0001800801143,0.0001814008262,0.0001827361448,0.0001840852594,0.0001854473356,0.0001868215192,0.0001882069369,0.0001896026935,0.000191007864,0.0001924214767,0.0001938424827,0.0001952696989,0.0001967017047,0.0001981366518,0.0001995719176,0.0002010034698,0.0002024247039,0.0002038243113,0.0002051825105,0.0002064638986,0.0002076014291,0.0002084494682
25.500000,4.556700685e-06,6.63057484e-06,8.190056986e-06,1.044811163e-05,1.359659347e-05,1.592055133e-05,2.900578804e-05,3.951490836e-05,3.267576665e-05,2.254118085e-05,1.724358826e-05,2.317077179e-05,3.626773915e-05,6.140504747e-05,8.318248296e-05,8.65618047e-05,8.472263643e-05,8.440835504e-05,8.364278673e-05,8.219668023e-05,7.995421527e-05,7.670094108e-05,7.198919052e-05,6.441256981e-05,4.942967508e-05,4.299481111e-05,7.456083325e-05,0.0001023486919,0.0001002580592,0.0001018947515,0.0001041514848,0.0001064397219,0.0001087498924,0.0001111852507,0.0001137936666,0.0001165407025,0.0001193539518,0.0001221650138,0.0001249244756,0.0001276007772,0.0001301752916,0.0001326384759,0.0001349872287,0.0001372227168,0.0001393485071,0.0001413691829,0.000143289547,0.0001451143231,0.0001468481698,0.0001484958202,0.000150062224,0.000151552631,0.0001529726015,0.0001543279572,0.0001556246935,0.0001568688761,0.0001580665372,0.0001592235835,0.0001603457203,0.0001614383936,0.00016250675,0.000163555609,0.0001645894489,0.0001656123997,0.0001666282441,0.0001676404229,0.0001686520442,0.000169665895,0.0001706844551,0.0001717099113,0.000172744173,0.0001737888871,0.0001748454537,0.0001759150405,0.0001769985986,0.0001780968766,0.0001792104353,0.0001803396625,0.000181484787,0.0001826458933,0.0001838229353,0.0001850157495,0.000186224068,0.0001874475298,0.0001886856899,0.0001899380259,0.0001912039388,0.000192482746,0.0001937736597,0.00019507574,0.0001963878033,0.0001977082487,0.0001990347325,0.0002003635648,0.000201688595,0.0002029991499,0.0002042761928,0.0002054851417,0.0002065613684,0.0002073547782
26.000000,4.202503178e-06,5.799129023e-06,7.092742806e-06,1.053007985e-05,1.300850882e-05,1.884625037e-05,2.377781869e-05,3.790965264e-05,5.109777452e-05,4.416440486e-05,3.461178457e-05,2.528255398e-05,2.699421727e-05,3.517595206e-05,5.643774243e-05,7.727186397e-05,8.265340867e-05,8.269684864e-05,8.355232961e-05,8.432532223e-05,8.463086999e-05,8.414303735e-05,8.245763472e-05,7.901800989e-05,7.208397565e-05,4.998003688e-05,7.065113957e-05,9.8466457e-05,9.87176977e-05,9.9042444e-05,0.0001008954571,0.000103293054,0.0001058324439,0.0001083617758,0.000110859295,0.0001133466527,0.0001158310518,0.0001183064641,0.0001207672087,0.0001232122249,0.0001256428044,0.0001280593851,0.0001304597968,0.000132839017,0.0001351897674,0.0001375034077,0.000139770862,0.0001419834642,0.000144133643,0.0001462153856,0.000148224453,0.0001501583726,0.0001520162702,0.0001537986165,0.0001555069515,0.0001571436327,0.0001587116254,0.000160214342,0.000161655524,0.0001630391548,0.0001643693945,0.000165650527,0.0001668869126,0.0001680829427,0.000169242996,0.0001703713951,0.0001714723659,0.0001725499998,0.0001736082214,0.0001746507604,0.0001756811312,0.0001767026162,0.0001777182563,0.0001787308451,0.000179742928,0.0001807568047,0.0001817745337,0.0001827979406,0.0001838286261,0.0001848679769,0.0001859171764,0.0001869772157,0.0001880489053,0.0001891328854,0.000190229636,0.0001913394832,0.0001924626031,0.0001935990163,0.0001947485701,0.0001959108953,0.0001970853201,0.0001982707035,0.000199465125,0.0002006653103,0.0002018655836,0.0002030559991,0.0002042188908,0.0002053221903,0.000206306004,0.0002070350681
26.500000,3.68202512e-06,5.658422111e-06,6.600471543e-06,1.057052057e-05,1.440137956e-05,1.675108959e-05,2.164438898e-05,2.595522363e-05,4.58718311e-05,6.186682521e-05,5.359773652e-05,4.665265485e-05,4.057440286e-05,3.053207302e-05,3.371911331e-05,4.171524246e-05,6.539709465e-05,8.867789566e-05,8.903689792e-05,8.630754666e-05,8.684361418e-05,8.73653903e-05,8.706888241e-05,8.554821491e-05,8.229859698e-05,7.544504648e-05,5.942786949e-05,7.026246613e-05,9.883021049e-05,0.0001087578564,0.0001069308778,0.0001077430467,0.0001092341506,0.0001107386472,0.0001121800264,0.0001136506155,0.0001152236252,0.0001169305843,0.000118775358,0.0001207462213,0.0001228220778,0.0001249768757,0.0001271839846,0.0001294199172,0.0001316663855,0.0001339104808,0.0001361435822,0.0001383598444,0.0001405548775,0.0001427248634,0.0001448660883,0.0001469747705,0.0001490470618,0.0001510791386,0.0001530673301,0.0001550082562,0.000156898956,0.0001587369942,0.0001605205382,0.0001622484019,0.0001639200582,0.0001655356214,0.0001670958079,0.0001686018799,0.0001700555793,0.0001714590581,0.0001728148084,0.0001741255954,0.0001753943963,0.0001766243437,0.0001778186752,0.0001789806885,0.0001801137006,0.0001812210116,0.0001823058726,0.0001833714565,0.0001844208332,0.0001854569474,0.0001864826005,0.0001875004356,0.0001885129258,0.0001895223656,0.0001905308653,0.0001915403466,0.0001925525411,0.0001935689871,0.0001945910259,0.0001956197915,0.0001966561895,0.0001977008537,0.0001987540621,0.0001998155792,0.0002008843658,0.000201958051,0.000203031982,0.0002040975385,0.0002051392012,0.000206129118,0.0002070149664,0.0002076698904
27.000000,4.356109618e-06,5.675917936e-06,6.797148082e-06,1.00528977e-05,1.250990899e-05,1.502488532e-05,1.905910966e-05,2.651533984e-05,3.188188115e-05,5.004996298e-05,6.765187568e-05,6.568746582e-05,5.889143781e-05,5.487841111e-05,4.959471585e-05,3.828182377e-05,3.413341741e-05,5.842110021e-05,8.272409815e-05,8.587379679e-05,8.67143479e-05,8.793846445e-05,8.908386814e-05,8.952494129e-05,8.885123029e-05,8.644343134e-05,8.055744046e-05,6.761506268e-05,7.570588433e-05,9.938972238e-05,0.0001095706445,0.0001098104869,0.0001105991382,0.0001122399552,0.000114104381,0.0001158365484,0.0001173762414,0.0001188190671,0.0001202715991,0.0001217927665,0.0001233956181,0.0001250686989,0.0001267955055,0.0001285646929,0.0001303718859,0.0001322170266,0.0001341008681,0.0001360225539,0.0001379787119,0.0001399636705,0.0001419702212,0.0001439904755,0.0001460165704,0.0001480411419,0.0001500575735,0.0001520600736,0.00015404364,0.0001560039653,0.0001579373239,0.0001598404672,0.0001617105423,0.0001635450392,0.000165341763,0.0001670988286,0.0001688146682,0.0001704880456,0.0001721180716,0.0001737042163,0.0001752463147,0.0001767445655,0.0001781995212,0.0001796120717,0.0001809834207,0.0001823150579,0.0001836087263,0.0001848663878,0.0001860901875,0.0001872824178,0.0001884454829,0.0001895818648,0.0001906940915,0.0001917847061,0.0001928562398,0.0001939111849,0.000194951971,0.0001959809413,0.0001970003282,0.0001980122259,0.0001990185544,0.000200021007,0.0002010209656,0.0002020193553,0.0002030163892,0.0002040111072,0.000205000544,0.0002059782358,0.0002069314554,0.0002078357975,0.0002086435515,0.0002092414388
27.500000,4.631386622e-06,6.349976535e-06,9.939993007e-06,1.384581285e-05,1.154040855e-05,8.926584867e-06,1.272120106e-05,2.146606158e-05,2.825841902e-05,3.427793655e-05,5.170026039e-05,7.224533351e-05,7.665225413e-05,6.974494913e-05,6.504322496e-05,6.03016209e-05,5.350622926e-05,4.173746376e-05,4.234160593e-05,6.617707174e-05,8.946332358e-05,9.530076856e-05,9.521879896e-05,9.481866582e-05,9.44679473e-05,9.44149628e-05,9.464151127e-05,9.503138269e-05,9.553050381e-05,9.622036602e-05,9.730117736e-05,9.898700201e-05,0.0001013646174,0.0001043237662,0.0001076107143,0.0001109440214,0.0001141077545,0.0001169875352,0.0001195592543,0.0001218555417,0.00012393199,0.0001258447908,0.0001276411768,0.0001293582729,0.0001310251999,0.0001326652359,0.0001342970231,0.0001359350286,0.0001375897557,0.0001392680449,0.0001409735606,0.0001427074141,0.0001444688126,0.00014625564,0.0001480649126,0.0001498930968,0.0001517363129,0.0001535904628,0.0001554513196,0.0001573146052,0.0001591760669,0.0001610315547,0.0001628770921,0.0001647089362,0.0001665236204,0.0001683179817,0.0001700891726,0.0001718346611,0.0001735522245,0.0001752399391,0.0001768961697,0.0001785195602,0.0001801090262,0.0001816637492,0.0001831831724,0.000184666997,0.0001861151774,0.0001875279163,0.0001889056564,0.0001902490706,0.0001915590493,0.000192836685,0.0001940832543,0.0001953001973,0.0001964890948,0.0001976516427,0.000198789623,0.0001999048692,0.0002009992233,0.0002020744766,0.0002031322822,0.0002041740143,0.0002052005338,0.0002062117735,0.0002072059945,0.0002081784566,0.0002091188888,0.000210006144,0.0002107974369,0.0002113803471
28.000000,3.483234437e-06,8.042579316e-06,1.088194051e-05,1.675936519e-05,2.369630902e-05,2.16767026e-05,1.169733095e-05,1.190544988e-05,1.654241506e-05,2.008766086e-05,2.98207453e-05,4.04860217e-05,6.310717107e-05,8.501433361e-05,8.341785197e-05,7.695716951e-05,7.265999224e-05,6.708901846e-05,5.659062305e-05,4.28601403e-05,5.809968249e-05,8.941027589e-05,9.976895932e-05,9.612037518e-05,9.679748024e-05,9.86913443e-05,0.0001005200316,0.0001021050253,0.0001034175721,0.0001044854274,0.000105383593,0.0001062149986,0.00010708268,0.0001080690864,0.0001092284699,0.000110588831,0.0001121572777,0.0001139248505,0.0001158698927,0.0001179607101,0.0001201584613,0.0001224206636,0.0001247050974,0.0001269735564,0.0001291948599,0.0001313467224,0.000133416334,0.0001353997626,0.0001373004722,0.000139127344,0.000140892583,0.0001426098187,0.000144292592,0.0001459532967,0.0001476025559,0.0001492489499,0.0001508989953,0.0001525572822,0.0001542266949,0.0001559086667,0.0001576034358,0.0001593102862,0.0001610277648,0.0001627538686,0.0001644862045,0.0001662221206,0.0001679588133,0.0001696934125,0.0001714230496,0.0001731449107,0.0001748562782,0.0001765545634,0.0001782373317,0.0001799023217,0.0001815474588,0.0001831708656,0.0001847708679,0.0001863459985,0.0001878949983,0.0001894168164,0.0001909106086,0.0001923757341,0.0001938117524,0.0001952184184,0.0001965956757,0.0001979436481,0.0001992626274,0.0002005530556,0.0002018154966,0.0002030505917,0.0002042589835,0.0002054411847,0.0002065973456,0.0002077268382,0.0002088274989,0.0002098942149,0.0002109162284,0.0002118722194,0.0002127186852,0.000213327291
28.500000,2.385526955e-06,5.87717226e-06,1.263066401e-05,1.667832364e-05,2.306674554e-05,3.170577594e-05,3.20124605e-05,2.470930564e-05,1.688745899e-05,1.341556464e-05,1.618792583e-05,2.534244348e-05,3.575998749e-05,5.727407626e-05,7.878245364e-05,8.392522473e-05,8.150642474e-05,8.02375948e-05,7.764656878e-05,7.255970883e-05,6.141997622e-05,5.351956788e-05,7.66008396e-05,9.888121032e-05,0.0001010809845,0.0001019459438,0.0001036323292,0.0001050458767,0.0001062728375,0.0001074964421,0.0001087696322,0.0001100625593,0.0001113394308,0.0001125888099,0.0001138176818,0.000115038748,0.0001162647698,0.0001175088072,0.0001187855063,0.0001201108146,0.000121500089,0.0001229656858,0.0001245150467,0.0001261497725,0.0001278656987,0.0001296537227,0.0001315010647,0.0001333926854,0.0001353126599,0.0001372453881,0.0001391765758,0.0001410939622,0.0001429877936,0.0001448510536,0.0001466794768,0.0001484713762,0.0001502273243,0.0001519497329,0.0001536423771,0.0001553099095,0.000156957401,0.0001585899408,0.0001602123117,0.0001618287521,0.0001634428009,0.0001650572199,0.0001666739775,0.0001682942814,0.0001699186441,0.0001715469687,0.0001731786432,0.0001748126365,0.0001764475899,0.0001780819001,0.0001797137935,0.0001813413899,0.0001829627563,0.000184575952,0.0001861790651,0.000187770243,0.0001893477155,0.000190909814,0.0001924549855,0.0001939818037,0.0001954889756,0.0001969753447,0.0001984398896,0.0001998817162,0.0002013000387,0.0002026941432,0.0002040633171,0.0002054067196,0.0002067231372,0.0002080105278,0.0002092651523,0.0002104799013,0.0002116410404,0.0002127219864,0.0002136722136,0.0002143707271
29.000000,4.703363371e-06,7.013032662e-06,9.789295312e-06,1.050296515e-05,1.72456038e-05,2.347646672e-05,3.325708069e-05,4.639446358e-05,4.574692758e-05,3.681989352e-05,2.933203246e-05,1.957573705e-05,1.967458634e-05,2.776829405e-05,3.750811291e-05,5.764867986e-05,8.188808902e-05,9.107118866e-05,8.610700039e-05,8.22290961e-05,7.482899182e-05,5.527737433e-05,5.595536239e-05,8.262702857e-05,0.0001076979606,0.0001118738089,0.000108052954,0.0001075681909,0.0001079591096,0.0001087755613,0.0001100025388,0.0001115493184,0.0001132395253,0.0001149259707,0.0001165324205,0.0001180384795,0.0001194538568,0.0001208000523,0.0001221003563,0.0001233753512,0.0001246416141,0.0001259120629,0.0001271968861,0.0001285044172,0.0001298416822,0.0001312145896,0.0001326278617,0.0001340848396,0.0001355872755,0.0001371351954,0.0001387268747,0.000140358941,0.0001420265916,0.0001437239043,0.0001454442067,0.0001471804686,0.0001489256862,0.0001506732279,0.0001524171225,0.0001541522768,0.000155874618,0.0001575811599,0.0001592700017,0.0001609402669,0.000162591994,0.0001642259934,0.000165843682,0.0001674469092,0.000169037785,0.0001706185202,0.0001721912849,0.000173758092,0.0001753207067,0.0001768805823,0.0001784388231,0.0001799961682,0.0001815529961,0.0001831093432,0.0001846649344,0.00018621922,0.0001877714171,0.0001893205522,0.0001908655027,0.0001924050355,0.0001939378419,0.000195462567,0.0001969778326,0.0001984822508,0.0001999744238,0.0002014529224,0.0002029162274,0.0002043626035,0.0002057898497,0.0002071948147,0.0002085724616,0.0002099140705,0.0002112038098,0.0002124123778,0.0002134829408,0.0002142648274
29.500000,3.827635864e-06,6.286516422e-06,8.699289354e-06,1.086070973e-05,1.32374594e-05,2.098400152e-05,2.36041555e-05,4.131002398e-05,5.726417027e-05,5.276484015e-05,4.883207734e-05,4.407091001e-05,3.737218591e-05,2.603409547e-05,2.563530998e-05,3.201859044e-05,5.822007365e-05,7.729137375e-05,7.676903329e-05,7.574166786e-05,7.143819521e-05,5.924524105e-05,5.247419643e-05,7.820509644e-05,0.0001042660535,0.0001083147747,0.0001073971345,0.0001088067346,0.0001106349483,0.0001123861698,0.0001139725017,0.0001154203881,0.0001167737907,0.0001180696237,0.0001193342745,0.0001205876731,0.0001218457911,0.0001231199591,0.000124415614,0.000125732268,0.0001270648498,0.000128405845,0.0001297475678,0.0001310840179,0.0001324119899,0.0001337313674,0.0001350447512,0.000136356691,0.0001376727929,0.0001389989075,0.0001403405055,0.0001417022673,0.0001430878579,0.0001444998384,0.0001459396674,0.0001474077552,0.0001489035496,0.000150425642,0.0001519718889,0.000153539546,0.0001551254119,0.0001567259791,0.0001583375849,0.000159956558,0.0001615793537,0.0001632026726,0.0001648235584,0.0001664394719,0.0001680483393,0.0001696485749,0.0001712390805,0.0001728192225,0.0001743887907,0.0001759479437,0.0001774971433,0.0001790370836,0.0001805686179,0.0001820926882,0.0001836102588,0.0001851222578,0.0001866295273,0.0001881327835,0.0001896325871,0.0001911293226,0.0001926231875,0.0001941141858,0.0001956021273,0.000197086625,0.0001985670845,0.0002000426758,0.0002015122641,0.0002029742665,0.0002044263651,0.0002058649504,0.0002072840619,0.0002086733928,0.000210014556,0.000211274008,0.0002123879474,0.0002132081138
30.000000,3.875818994e-06,6.327746027e-06,7.652345528e-06,1.036781686e-05,1.12204931e-05,1.738111513e-05,2.56679222e-05,3.058707968e-05,4.50971093e-05,5.926447236e-05,6.106478959e-05,5.837471054e-05,5.549117262e-05,5.137601484e-05,4.507075664e-05,3.4188425e-05,3.703249375e-05,5.621642028e-05,7.11853585e-05,7.340598988e-05,7.220918374e-05,6.78044484e-05,5.44403816e-05,5.523115564e-05,8.101637063e-05,0.0001036695672,0.0001070549369,0.0001067162265,0.0001083633038,0.0001102323656,0.0001120378489,0.0001139138001,0.0001159134256,0.0001179750482,0.0001200007188,0.0001219189702,0.000123700496,0.0001253477713,0.0001268799964,0.0001283219164,0.0001296974749,0.0001310269916,0.0001323264301,0.0001336076914,0.0001348792686,0.0001361469375,0.000137414382,0.0001386837485,0.0001399561474,0.0001412320989,0.0001425119126,0.00014379598,0.0001450849705,0.0001463799244,0.0001476822554,0.0001489936766,0.0001503160757,0.0001516513632,0.0001530013194,0.0001543674563,0.0001557509094,0.0001571523651,0.0001585720249,0.0001600096033,0.0001614643537,0.0001629351177,0.0001644203882,0.0001659183829,0.0001674271228,0.0001689445099,0.0001704684025,0.000171996685,0.0001735273296,0.0001750584491,0.0001765883394,0.0001781155112,0.0001796387105,0.0001811569288,0.0001826694029,0.0001841756053,0.0001856752266,0.0001871681517,0.0001886544301,0.0001901342422,0.0001916078632,0.0001930756243,0.0001945378709,0.0001959949164,0.0001974469857,0.0001988941385,0.0002003361534,0.0002017723357,0.0002032011823,0.0002046197761,0.0002060226664,0.0002073997822,0.0002087325298,0.0002099865763,0.0002110972755,0.0002119209293
